timestamp,requests_sent,bytes_sent,cpu_usage,memory_usage,network_bytes_sent,network_bytes_recv,server_status,current_rate,adaptive_factor,HTTP GET Flood_success,HTTP POST Flood_success,Slowloris_success,HTTP HEAD Flood_success,Large File Request_success,Rapid Session Creation_success,HTTP GET Flood_fail,HTTP POST Flood_fail,Slowloris_fail,HTTP HEAD Flood_fail,Large File Request_fail,Rapid Session Creation_fail
1727036975.8045776,0,0,22.7,50.7,465955491,23058253829,UP,100,1.0,0,0,0,0,0,0,0,0,0,0,0,0
1727036977.8073182,100,102400,7.0,50.7,466222073,23058512262,UP,100,1.0,40,18,18,10,10,4,0,0,0,0,0,0
1727036979.8094661,200,204800,2.0,50.7,466400304,23058699366,UP,100,1.0,81,41,29,25,19,5,0,0,0,0,0,0
1727036981.812433,300,307200,1.5,50.8,466629500,23058904947,UP,100,1.0,122,60,39,40,28,11,0,0,0,0,0,0
1727036983.81458,400,409600,3.0,51.1,466818675,23059095090,UP,100,1.0,168,78,47,52,39,16,0,0,0,0,0,0
1727036985.8164535,500,512000,8.6,50.7,467002363,23059284050,UP,100,1.0,208,100,55,71,49,17,0,0,0,0,0,0
1727036987.818558,600,614400,4.0,50.8,467207816,23059477771,UP,100,1.0,254,118,70,85,55,18,0,0,0,0,0,0
1727036989.8206468,700,716800,2.0,50.8,467375583,23059648562,UP,100,1.0,292,136,82,106,60,24,0,0,0,0,0,0
1727036991.8227956,800,819200,9.5,50.9,467537226,23059814893,UP,100,1.0,332,155,91,126,71,25,0,0,0,0,0,0
1727036993.8238502,900,921600,4.5,50.4,467725110,23059993978,UP,100,1.0,372,179,102,136,81,30,0,0,0,0,0,0
1727036995.8267603,1021,1045504,6.0,50.6,467918386,23060192852,UP,110.00000000000001,1.1,420,200,118,154,96,33,0,0,0,0,0,0
1727036997.829058,1167,1195008,4.0,50.8,468121254,23060380324,UP,121.00000000000001,1.2100000000000002,480,224,136,179,110,38,0,0,0,0,0,0
1727036999.8314066,1344,1376256,2.0,49.5,468444554,23060722657,UP,133.10000000000005,1.3310000000000004,551,258,155,210,129,41,0,0,0,0,0,0
1727037001.833639,1558,1595392,0.5,49.8,468790987,23061081324,UP,146.41000000000005,1.4641000000000006,631,306,182,251,141,47,0,0,0,0,0,0
1727037003.8357394,1817,1860608,11.6,50.0,469200873,23061504720,UP,161.05100000000007,1.6105100000000008,736,353,223,288,161,56,0,0,0,0,0,0
1727037005.8378265,2130,2181120,6.5,50.1,469674325,23061935225,UP,177.1561000000001,1.771561000000001,852,423,265,332,193,65,0,0,0,0,0,0
1727037007.8398104,2509,2569216,7.5,50.1,470228990,23062455578,UP,194.87171000000015,1.9487171000000014,997,511,316,383,227,75,0,0,0,0,0,0
1727037009.842086,2909,2978816,2.0,50.2,470798443,23062988131,UP,200.0,2.0,1134,593,371,458,263,90,0,0,0,0,0,0
1727037011.8442643,3309,3388416,1.0,50.4,471631154,23064004417,UP,200.0,2.0,1278,680,429,522,294,106,0,0,0,0,0,0
1727037013.8462715,3709,3798016,16.5,50.2,472241185,23064640124,UP,200.0,2.0,1440,743,480,589,337,120,0,0,0,0,0,0
1727037015.8491323,4109,4207616,48.8,49.9,472883548,23065306139,UP,200.0,2.0,1611,825,524,647,373,129,0,0,0,0,0,0
1727037017.851343,4509,4617216,4.5,49.9,473563334,23065983364,UP,200.0,2.0,1766,901,583,705,411,143,0,0,0,0,0,0
1727037019.8530614,4909,5026816,5.5,49.9,474200815,23066644045,UP,200.0,2.0,1921,979,649,769,442,149,0,0,0,0,0,0
1727037021.8556585,5309,5436416,18.6,50.1,474838768,23067307752,UP,200.0,2.0,2077,1062,700,836,478,156,0,0,0,0,0,0
1727037023.8577607,5709,5846016,18.1,49.9,475424285,23067843002,UP,200.0,2.0,2251,1145,749,893,505,166,0,0,0,0,0,0
1727037025.8598585,6109,6255616,10.6,49.8,476001305,23068378608,UP,200.0,2.0,2407,1228,791,962,545,176,0,0,0,0,0,0
1727037027.8619316,6509,6665216,7.6,50.2,476550720,23068892785,UP,200.0,2.0,2574,1298,845,1031,578,183,0,0,0,0,0,0
1727037029.8640149,6909,7074816,13.6,50.2,477126597,23069424545,UP,200.0,2.0,2723,1382,896,1104,611,193,0,0,0,0,0,0
1727037031.8662992,7103,7273472,5.0,50.3,477497571,23069794775,UP,200.0,2.0,2801,1416,924,1127,634,201,0,0,0,0,0,0
1727037033.8684304,7103,7273472,16.1,50.7,477503269,23069802922,UP,200.0,2.0,2801,1416,924,1127,634,201,0,0,0,0,0,0
1727037035.8701975,7103,7273472,12.6,50.2,477525286,23069809227,UP,200.0,2.0,2801,1416,924,1127,634,201,0,0,0,0,0,0
1727037037.8722801,7103,7273472,5.0,50.2,477527521,23069810718,UP,200.0,2.0,2801,1416,924,1127,634,201,0,0,0,0,0,0
1727037039.8743858,7309,7484416,4.0,50.2,478042158,23070599173,UP,200.0,2.0,2890,1459,950,1155,647,208,0,0,0,0,0,0
1727037041.8758316,7700,7884800,1.0,50.1,478708143,23071274387,UP,200.0,2.0,3026,1551,1008,1207,687,221,0,0,0,0,0,0
1727037043.8781772,7709,7894016,10.7,50.3,478724723,23071290195,UP,200.0,2.0,3029,1552,1010,1209,688,221,0,0,0,0,0,0
1727037045.8799834,8109,8303616,12.1,50.3,479360522,23071948520,UP,200.0,2.0,3184,1626,1065,1277,722,235,0,0,0,0,0,0
1727037047.8820293,8509,8713216,0.5,50.4,480020849,23072618094,UP,200.0,2.0,3340,1710,1120,1338,756,245,0,0,0,0,0,0
1727037049.8840833,8909,9122816,3.0,50.5,480670539,23073290696,UP,200.0,2.0,3496,1797,1176,1392,787,261,0,0,0,0,0,0
1727037051.8862216,9309,9532416,9.5,50.4,481314767,23073962540,UP,200.0,2.0,3654,1888,1230,1447,819,271,0,0,0,0,0,0
1727037053.8886263,9709,9942016,13.1,50.3,481963705,23074620273,UP,200.0,2.0,3814,1962,1292,1504,857,280,0,0,0,0,0,0
1727037055.890502,10109,10351616,2.0,49.9,482585324,23075264454,UP,200.0,2.0,3984,2032,1346,1567,888,292,0,0,0,0,0,0
1727037057.8929658,10374,10622976,1.5,50.3,483029696,23075723846,UP,200.0,2.0,4079,2078,1382,1614,918,303,0,0,0,0,0,0
1727037059.8950443,10509,10761216,2.0,50.3,483247100,23075932559,UP,200.0,2.0,4137,2107,1394,1638,925,308,0,0,0,0,0,0
1727037061.897102,10909,11170816,10.0,50.5,483864168,23076572839,UP,200.0,2.0,4310,2175,1453,1699,957,315,0,0,0,0,0,0
1727037063.899507,11309,11580416,10.0,50.2,484513934,23077246455,UP,200.0,2.0,4458,2264,1512,1753,986,336,0,0,0,0,0,0
1727037065.9023037,11538,11814912,8.5,50.2,484950852,23077681778,UP,200.0,2.0,4551,2313,1543,1781,1002,348,0,0,0,0,0,0
1727037067.9044325,11709,11990016,12.0,50.4,485215351,23077958056,UP,200.0,2.0,4622,2355,1565,1798,1017,352,0,0,0,0,0,0
1727037069.907608,12109,12399616,7.1,50.6,485834940,23078600447,UP,200.0,2.0,4794,2422,1615,1861,1057,360,0,0,0,0,0,0
1727037071.9099183,12509,12809216,9.5,50.1,486475789,23079255197,UP,200.0,2.0,4958,2499,1671,1921,1088,372,0,0,0,0,0,0
1727037073.911993,12909,13218816,8.0,50.0,487061773,23079802015,UP,200.0,2.0,5113,2592,1726,1979,1115,384,0,0,0,0,0,0
1727037075.9150064,13309,13628416,5.5,50.7,487645635,23080347471,UP,200.0,2.0,5278,2680,1768,2043,1146,394,0,0,0,0,0,0
1727037077.916637,13709,14038016,5.0,50.3,488238544,23080880858,UP,200.0,2.0,5429,2758,1832,2096,1190,404,0,0,0,0,0,0
1727037079.9183471,14109,14447616,8.7,50.2,489073445,23081930725,UP,200.0,2.0,5593,2846,1885,2150,1223,412,0,0,0,0,0,0
1727037081.920183,14509,14857216,46.7,50.6,489769154,23082646210,UP,200.0,2.0,5761,2925,1933,2207,1262,421,0,0,0,0,0,0
1727037083.9222705,14909,15266816,16.2,50.8,490497270,23083397939,UP,200.0,2.0,5918,3007,1999,2263,1290,432,0,0,0,0,0,0
1727037085.9244094,15309,15676416,9.6,51.0,491191364,23084122364,UP,200.0,2.0,6062,3086,2063,2323,1322,453,0,0,0,0,0,0
1727037087.9265285,15709,16086016,4.5,50.9,491837578,23084793550,UP,200.0,2.0,6228,3161,2121,2378,1356,465,0,0,0,0,0,0
1727037089.9310412,16109,16495616,14.6,51.0,492495777,23085467030,UP,200.0,2.0,6380,3236,2177,2443,1398,475,0,0,0,0,0,0
1727037091.93352,16503,16899072,7.0,51.0,493159376,23086151726,UP,200.0,2.0,6543,3317,2228,2501,1427,487,0,0,0,0,0,0
1727037093.9357421,16509,16905216,0.5,51.0,493178659,23086174588,UP,200.0,2.0,6546,3318,2228,2502,1428,487,0,0,0,0,0,0
1727037095.9380527,16909,17314816,5.1,51.0,493876130,23086882677,UP,200.0,2.0,6711,3398,2284,2563,1454,499,0,0,0,0,0,0
1727037097.9401476,17309,17724416,26.3,50.8,494523490,23087552887,UP,200.0,2.0,6879,3469,2344,2618,1491,508,0,0,0,0,0,0
1727037099.9416823,17709,18134016,8.5,50.7,495169588,23088224657,UP,200.0,2.0,7038,3541,2396,2684,1526,524,0,0,0,0,0,0
1727037101.9439723,18109,18543616,6.0,50.2,495817784,23088880432,UP,200.0,2.0,7216,3611,2445,2744,1554,539,0,0,0,0,0,0
1727037103.9477098,18509,18953216,4.5,49.9,496443792,23089522322,UP,200.0,2.0,7373,3687,2504,2799,1597,549,0,0,0,0,0,0
1727037105.9499025,18909,19362816,15.2,49.9,497090141,23090201221,UP,200.0,2.0,7529,3769,2552,2863,1635,561,0,0,0,0,0,0
1727037107.952057,19309,19772416,4.5,50.1,497721783,23090843826,UP,200.0,2.0,7687,3839,2612,2930,1671,570,0,0,0,0,0,0
1727037109.9542158,19709,20182016,9.5,50.3,498345789,23091488754,UP,200.0,2.0,7846,3908,2670,2992,1708,585,0,0,0,0,0,0
1727037111.9562778,20109,20591616,17.2,50.1,498995394,23092161693,UP,200.0,2.0,8009,3997,2716,3050,1739,598,0,0,0,0,0,0
1727037113.9582958,20509,21001216,4.5,50.3,499659142,23092832452,UP,200.0,2.0,8170,4079,2764,3109,1776,611,0,0,0,0,0,0
1727037115.9604993,20909,21410816,13.7,50.3,500229190,23093366500,UP,200.0,2.0,8325,4163,2818,3165,1812,626,0,0,0,0,0,0
1727037117.9625688,21309,21820416,4.5,50.1,503992777,23093937303,UP,200.0,2.0,8506,4247,2862,3205,1854,635,0,0,0,0,0,0
1727037119.9647563,21709,22230016,9.1,50.3,504778539,23094858650,UP,200.0,2.0,8650,4334,2912,3276,1884,653,0,0,0,0,0,0
1727037121.9666355,22109,22639616,15.5,50.1,505396628,23095501541,UP,200.0,2.0,8822,4404,2970,3334,1920,659,0,0,0,0,0,0
1727037123.96898,22509,23049216,5.5,50.3,506030658,23096157913,UP,200.0,2.0,8980,4478,3038,3394,1953,666,0,0,0,0,0,0
1727037125.971649,22909,23458816,13.7,50.2,506687586,23096824724,UP,200.0,2.0,9139,4558,3094,3442,1992,684,0,0,0,0,0,0
1727037127.9737856,23309,23868416,12.6,50.5,507317583,23097477221,UP,200.0,2.0,9306,4633,3147,3505,2022,696,0,0,0,0,0,0
1727037129.9758866,23709,24278016,6.5,50.6,507963620,23098147030,UP,200.0,2.0,9471,4720,3199,3558,2051,710,0,0,0,0,0,0
1727037131.9779704,24011,24587264,2.5,50.6,508497463,23098681654,UP,200.0,2.0,9603,4784,3240,3593,2075,716,0,0,0,0,0,0
1727037133.9804509,24109,24687616,1.5,50.6,508646682,23098835575,UP,200.0,2.0,9636,4807,3251,3614,2082,719,0,0,0,0,0,0
1727037135.9826493,24509,25097216,8.7,50.6,509268619,23099484403,UP,200.0,2.0,9796,4875,3321,3667,2114,736,0,0,0,0,0,0
1727037137.9849205,24909,25506816,5.0,50.8,509931960,23100150194,UP,200.0,2.0,9953,4947,3365,3732,2157,755,0,0,0,0,0,0
1727037139.9874449,25309,25916416,5.0,50.4,510604876,23100849543,UP,200.0,2.0,10097,5041,3431,3775,2200,765,0,0,0,0,0,0
1727037141.9892936,25709,26326016,0.5,50.5,511243086,23101515332,UP,200.0,2.0,10264,5122,3484,3840,2226,773,0,0,0,0,0,0
1727037143.9914682,26109,26735616,9.1,50.7,511841672,23102061309,UP,200.0,2.0,10410,5209,3543,3894,2271,782,0,0,0,0,0,0
1727037145.993335,26509,27145216,11.6,50.6,512417359,23102597948,UP,200.0,2.0,10575,5296,3600,3956,2292,790,0,0,0,0,0,0
1727037147.9954624,26909,27554816,20.1,50.7,512984493,23103126006,UP,200.0,2.0,10755,5374,3652,4001,2323,804,0,0,0,0,0,0
1727037150.000022,27309,27964416,14.7,50.4,513556824,23103654418,UP,200.0,2.0,10916,5457,3713,4055,2353,815,0,0,0,0,0,0
1727037152.0024312,27466,28125184,6.0,50.6,513924274,23104021058,UP,200.0,2.0,10984,5492,3733,4071,2366,820,0,0,0,0,0,0
1727037154.0047538,27466,28125184,5.5,50.6,513929972,23104029073,UP,200.0,2.0,10984,5492,3733,4071,2366,820,0,0,0,0,0,0
1727037156.006764,27466,28125184,15.2,50.5,513951989,23104035378,UP,200.0,2.0,10984,5492,3733,4071,2366,820,0,0,0,0,0,0
1727037158.008943,27466,28125184,10.1,50.5,513954224,23104036869,UP,200.0,2.0,10984,5492,3733,4071,2366,820,0,0,0,0,0,0
1727037160.0112023,27466,28125184,12.5,50.5,513957506,23104038975,UP,200.0,2.0,10984,5492,3733,4071,2366,820,0,0,0,0,0,0
1727037162.0134718,27466,28125184,5.5,50.5,513978226,23104044492,UP,200.0,2.0,10984,5492,3733,4071,2366,820,0,0,0,0,0,0
1727037164.0156598,27466,28125184,6.5,50.6,513981499,23104046541,UP,200.0,2.0,10984,5492,3733,4071,2366,820,0,0,0,0,0,0
1727037166.0179145,27466,28125184,33.8,50.6,514531680,23104871032,UP,200.0,2.0,10984,5492,3733,4071,2366,820,0,0,0,0,0,0
1727037168.021941,27709,28374016,14.4,50.1,514670122,23104977639,UP,200.0,2.0,11073,5549,3764,4111,2388,824,0,0,0,0,0,0
1727037170.0241432,28109,28783616,6.5,50.4,515316331,23105647028,UP,200.0,2.0,11229,5627,3823,4168,2422,840,0,0,0,0,0,0
1727037172.0262904,28509,29193216,6.5,50.6,515987134,23106341088,UP,200.0,2.0,11385,5712,3869,4232,2457,854,0,0,0,0,0,0
1727037174.0287523,28851,29543424,2.5,50.6,516575407,23106928508,UP,200.0,2.0,11514,5776,3928,4284,2480,869,0,0,0,0,0,0
1727037176.0342698,28909,29602816,3.5,50.6,516668240,23107027537,UP,200.0,2.0,11541,5782,3937,4293,2485,871,0,0,0,0,0,0
1727037178.0365522,29094,29792256,32.5,50.6,517219080,23107575247,UP,200.0,2.0,11621,5813,3965,4317,2498,880,0,0,0,0,0,0
1727037182.4534328,0,0,21.1,50.2,517707020,23108029172,UP,10,1.0,0,0,0,0,0,0,0,0,0,0,0,0
1727037184.4559622,10,10240,2.5,50.2,517755667,23108081783,UP,10,1.0,5,1,1,0,3,0,0,0,0,0,0,0
1727037186.4583204,20,20480,11.7,50.3,518352825,23108454257,UP,10,1.0,7,2,2,3,6,0,0,0,0,0,0,0
1727037188.460495,30,30720,9.9,50.4,518418270,23108538012,UP,10,1.0,13,3,2,4,8,0,0,0,0,0,0,0
1727037190.4623222,40,40960,3.5,50.4,518467486,23108578365,UP,10,1.0,15,5,4,5,11,0,0,0,0,0,0,0
1727037192.4644732,50,51200,8.1,50.6,518541889,23108638219,UP,10,1.0,17,6,8,8,11,0,0,0,0,0,0,0
1727037194.4667292,60,61440,6.5,50.6,518659229,23108779265,UP,10,1.0,21,8,9,10,12,0,0,0,0,0,0,0
1727037196.469725,70,71680,7.1,50.6,518789397,23108875942,UP,10,1.0,26,10,11,11,12,0,0,0,0,0,0,0
1727037198.4721067,80,81920,17.7,50.5,518872124,23108937194,UP,10,1.0,31,11,13,13,12,0,0,0,0,0,0,0
1727037200.474479,90,92160,7.0,50.5,518940891,23108996039,UP,10,1.0,38,11,13,14,13,1,0,0,0,0,0,0
1727037202.4766881,102,104448,7.5,50.5,519058930,23109110301,UP,11.0,1.1,44,11,13,18,14,2,0,0,0,0,0,0
1727037204.4793231,116,118784,7.6,50.0,519183348,23109215281,UP,12.100000000000001,1.2100000000000002,49,13,16,19,16,3,0,0,0,0,0,0
1727037206.4815385,133,136192,6.1,50.1,519293172,23109299535,UP,13.310000000000004,1.3310000000000004,54,17,17,21,20,4,0,0,0,0,0,0
1727037208.4839067,154,157696,13.6,50.6,519407023,23109425975,UP,14.641000000000005,1.4641000000000006,62,19,22,23,23,5,0,0,0,0,0,0
1727037210.4862587,179,183296,5.5,50.6,519527387,23109507848,UP,16.105100000000007,1.6105100000000008,71,19,29,25,29,6,0,0,0,0,0,0
1727037212.4883564,210,215040,4.0,50.6,519645340,23109615035,UP,17.715610000000012,1.771561000000001,81,21,36,30,34,8,0,0,0,0,0,0
1727037214.4905674,247,252928,9.2,50.1,519837595,23109775516,UP,19.487171000000014,1.9487171000000014,92,24,44,36,42,9,0,0,0,0,0,0
1727037216.4945588,287,293888,7.5,50.2,519984194,23109898035,UP,20.0,2.0,108,26,53,43,48,9,0,0,0,0,0,0
1727037218.4984705,327,334848,8.5,50.2,520132166,23110034523,UP,20.0,2.0,126,28,59,49,55,10,0,0,0,0,0,0
1727037220.5007296,367,375808,11.6,50.3,520251298,23110139260,UP,20.0,2.0,143,31,69,51,61,12,0,0,0,0,0,0
1727037222.5029883,407,416768,3.0,50.4,520383486,23110246073,UP,20.0,2.0,158,33,75,55,71,15,0,0,0,0,0,0
1727037224.506283,447,457728,3.0,50.3,520504857,23110349861,UP,20.0,2.0,173,36,84,60,77,17,0,0,0,0,0,0
1727037226.5102882,487,498688,4.0,50.4,520616496,23110452180,UP,20.0,2.0,189,41,89,67,82,19,0,0,0,0,0,0
1727037228.512477,527,539648,8.6,50.3,520751851,23110559624,UP,20.0,2.0,202,48,94,75,89,19,0,0,0,0,0,0
1727037230.5161858,567,580608,10.1,50.5,520878608,23110669055,UP,20.0,2.0,215,52,101,78,101,20,0,0,0,0,0,0
1727037232.519612,607,621568,2.0,50.5,520987536,23110769094,UP,20.0,2.0,233,54,112,84,104,20,0,0,0,0,0,0
1727037234.5222638,647,662528,1.5,50.5,521068627,23110824448,UP,20.0,2.0,250,58,116,92,111,20,0,0,0,0,0,0
1727037236.5268006,687,703488,8.6,50.6,521122172,23110873357,UP,20.0,2.0,264,62,128,98,114,21,0,0,0,0,0,0
1727037238.5303533,727,744448,6.5,50.5,521193898,23110942950,UP,20.0,2.0,278,68,134,107,118,22,0,0,0,0,0,0
1727037240.5336988,767,785408,4.5,50.5,521346371,23111092948,UP,20.0,2.0,291,70,140,116,126,24,0,0,0,0,0,0
1727037242.5364132,807,826368,4.0,50.5,521463609,23111200073,UP,20.0,2.0,306,72,146,122,133,28,0,0,0,0,0,0
1727037244.5388255,847,867328,1.5,50.1,521592294,23111314614,UP,20.0,2.0,322,76,155,124,140,30,0,0,0,0,0,0
1727037246.5423083,887,908288,3.0,50.2,521722777,23111420696,UP,20.0,2.0,337,79,166,132,143,30,0,0,0,0,0,0
1727037248.54442,927,949248,6.5,50.3,521845286,23111527930,UP,20.0,2.0,348,84,177,139,149,30,0,0,0,0,0,0
1727037250.546642,967,990208,3.5,50.3,521973454,23111637216,UP,20.0,2.0,360,90,187,142,157,31,0,0,0,0,0,0
1727037252.550134,1007,1031168,9.0,50.0,522051963,23111702196,UP,20.0,2.0,378,92,195,147,161,34,0,0,0,0,0,0
1727037254.552393,1047,1072128,4.0,50.1,522117961,23111768502,UP,20.0,2.0,390,96,202,154,169,36,0,0,0,0,0,0
1727037256.5542176,1087,1113088,3.5,50.1,522191229,23111832799,UP,20.0,2.0,406,99,210,157,177,38,0,0,0,0,0,0
1727037258.5575447,1127,1154048,14.5,50.1,522268757,23111896064,UP,20.0,2.0,421,99,217,164,186,40,0,0,0,0,0,0
1727037260.560705,1167,1195008,3.5,50.2,522335419,23111963476,UP,20.0,2.0,433,103,224,168,198,41,0,0,0,0,0,0
1727037262.5629213,1207,1235968,1.0,50.2,522398537,23112027680,UP,20.0,2.0,446,108,234,175,202,42,0,0,0,0,0,0
1727037264.5650399,1247,1276928,5.5,50.0,522480561,23112103213,UP,20.0,2.0,462,111,242,185,205,42,0,0,0,0,0,0
1727037266.5686052,1287,1317888,2.0,50.1,522583722,23112188818,UP,20.0,2.0,480,112,249,191,213,42,0,0,0,0,0,0
1727037268.5722702,1327,1358848,15.3,50.2,522698534,23112287490,UP,20.0,2.0,498,119,252,194,222,42,0,0,0,0,0,0
1727037270.5759401,1367,1399808,3.5,50.2,522838109,23112388029,UP,20.0,2.0,505,126,261,201,230,44,0,0,0,0,0,0
1727037272.578258,1407,1440768,2.0,50.3,522947675,23112473423,UP,20.0,2.0,525,131,264,206,235,46,0,0,0,0,0,0
1727037274.580756,1447,1481728,16.0,50.4,523067112,23112566741,UP,20.0,2.0,540,137,273,212,239,46,0,0,0,0,0,0
1727037276.5838163,1487,1522688,5.0,50.4,523194591,23112658544,UP,20.0,2.0,551,143,277,221,249,46,0,0,0,0,0,0
1727037278.586266,1527,1563648,12.0,50.4,523412706,23112890435,UP,20.0,2.0,566,147,283,225,260,46,0,0,0,0,0,0
1727037280.5889494,1567,1604608,5.5,50.4,523563719,23113022552,UP,20.0,2.0,584,150,291,233,263,46,0,0,0,0,0,0
1727037282.5916245,1607,1645568,4.0,50.5,523709098,23113140666,UP,20.0,2.0,603,153,298,238,269,46,0,0,0,0,0,0
1727037284.5937533,1647,1686528,13.3,50.3,523865285,23113270700,UP,20.0,2.0,616,157,305,241,281,47,0,0,0,0,0,0
1727037286.5960443,1687,1727488,4.0,50.3,523985236,23113377133,UP,20.0,2.0,632,160,309,249,289,48,0,0,0,0,0,0
1727037288.598607,1727,1768448,13.1,50.2,524143947,23113505130,UP,20.0,2.0,648,164,314,254,298,49,0,0,0,0,0,0
1727037290.6036503,1767,1809408,97.5,51.1,524393621,23113747175,UP,20.0,2.0,659,165,321,262,308,52,0,0,0,0,0,0
1727037292.6064167,1807,1850368,89.6,52.4,524657300,23113963699,UP,20.0,2.0,670,168,327,271,318,53,0,0,0,0,0,0
1727037294.6088789,1847,1891328,16.3,52.5,524888673,23114143854,UP,20.0,2.0,685,172,335,277,325,53,0,0,0,0,0,0
1727037296.6117318,1887,1932288,17.6,52.1,525041759,23114273424,UP,20.0,2.0,704,179,346,278,326,54,0,0,0,0,0,0
1727037298.614283,1927,1973248,13.2,52.6,525171485,23114386317,UP,20.0,2.0,718,184,357,281,332,55,0,0,0,0,0,0
1727037300.6173372,1967,2014208,5.5,52.6,525359605,23114534748,UP,20.0,2.0,730,190,365,285,339,58,0,0,0,0,0,0
1727037302.6211636,2007,2055168,4.5,52.3,525486789,23114642908,UP,20.0,2.0,744,195,373,288,347,60,0,0,0,0,0,0
1727037304.623456,2047,2096128,11.6,52.5,525662058,23114788053,UP,20.0,2.0,759,200,378,296,353,61,0,0,0,0,0,0
1727037306.62773,2087,2137088,15.8,52.6,525812953,23114907481,UP,20.0,2.0,776,203,384,298,364,62,0,0,0,0,0,0
1727037308.63202,2127,2178048,14.4,52.7,525947295,23115020073,UP,20.0,2.0,796,206,392,303,368,62,0,0,0,0,0,0
1727037310.634753,2167,2219008,3.0,52.7,526110380,23115157869,UP,20.0,2.0,810,212,399,306,375,65,0,0,0,0,0,0
1727037312.6381998,2207,2259968,8.1,52.9,526269071,23115288073,UP,20.0,2.0,823,217,408,310,382,67,0,0,0,0,0,0
1727037314.6417708,2247,2300928,8.6,52.9,526444205,23115432992,UP,20.0,2.0,834,224,415,315,392,67,0,0,0,0,0,0
1727037316.6438584,2287,2341888,26.1,53.2,526589100,23115549877,UP,20.0,2.0,850,227,427,319,397,67,0,0,0,0,0,0
1727037318.6461744,2327,2382848,47.2,52.6,526763189,23115681869,UP,20.0,2.0,868,232,432,325,402,68,0,0,0,0,0,0
1727037320.6483607,2367,2423808,1.0,52.7,526929814,23115831525,UP,20.0,2.0,881,235,443,328,412,68,0,0,0,0,0,0
1727037322.65072,2407,2464768,3.0,52.8,527084780,23115969010,UP,20.0,2.0,897,244,448,334,415,69,0,0,0,0,0,0
1727037324.6542568,2447,2505728,8.5,52.8,527259675,23116098177,UP,20.0,2.0,907,246,463,341,420,70,0,0,0,0,0,0
1727037326.656364,2487,2546688,5.0,52.8,527398346,23116216640,UP,20.0,2.0,922,251,472,347,424,71,0,0,0,0,0,0
1727037328.6595943,2527,2587648,7.5,52.8,527534618,23116330161,UP,20.0,2.0,934,253,482,356,430,72,0,0,0,0,0,0
1727037330.661745,2567,2628608,1.0,52.7,527727464,23116479447,UP,20.0,2.0,946,260,490,363,436,72,0,0,0,0,0,0
1727037332.6644464,2607,2669568,87.4,53.1,528213084,23116831895,UP,20.0,2.0,961,266,496,368,443,73,0,0,0,0,0,0
1727037334.6675158,2647,2710528,32.0,53.6,528390401,23116981308,UP,20.0,2.0,974,272,500,375,450,76,0,0,0,0,0,0
1727037336.6699708,2687,2751488,5.0,53.6,528548049,23117099746,UP,20.0,2.0,984,281,505,384,456,77,0,0,0,0,0,0
1727037338.67261,2727,2792448,0.5,53.6,528690453,23117215307,UP,20.0,2.0,1000,289,512,386,462,78,0,0,0,0,0,0
1727037340.6758797,2767,2833408,0.5,53.4,528839028,23117341036,UP,20.0,2.0,1015,291,522,389,471,79,0,0,0,0,0,0
1727037342.6792786,2807,2874368,2.0,53.5,529206148,23117609898,UP,20.0,2.0,1030,297,530,393,478,79,0,0,0,0,0,0
1727037344.6831117,2847,2915328,11.1,53.7,529380330,23117743335,UP,20.0,2.0,1043,304,535,399,487,79,0,0,0,0,0,0
1727037346.6852038,2887,2956288,4.0,53.8,529510498,23117854109,UP,20.0,2.0,1059,310,544,403,492,79,0,0,0,0,0,0
1727037348.6874077,2927,2997248,2.0,53.4,529966170,23118160864,UP,20.0,2.0,1074,315,552,405,501,80,0,0,0,0,0,0
1727037350.6898744,2967,3038208,8.5,53.8,530145083,23118300795,UP,20.0,2.0,1089,322,557,411,506,82,0,0,0,0,0,0
1727037352.6920285,3007,3079168,2.0,53.9,530272744,23118408996,UP,20.0,2.0,1104,325,563,418,515,82,0,0,0,0,0,0
1727037354.694329,3047,3120128,7.5,53.9,530473592,23118563384,UP,20.0,2.0,1121,328,570,425,521,82,0,0,0,0,0,0
1727037356.6966178,3087,3161088,7.5,53.5,530609328,23118669221,UP,20.0,2.0,1134,330,581,433,527,82,0,0,0,0,0,0
1727037358.7006338,3127,3202048,3.0,53.5,530737760,23118777993,UP,20.0,2.0,1149,333,587,441,535,82,0,0,0,0,0,0
1727037360.7026496,3167,3243008,9.2,53.8,530916153,23118917451,UP,20.0,2.0,1161,337,596,448,542,83,0,0,0,0,0,0
1727037362.7048552,3207,3283968,3.0,53.8,531050557,23119027753,UP,20.0,2.0,1171,341,605,457,550,83,0,0,0,0,0,0
1727037364.7075677,3247,3324928,6.0,53.8,531215892,23119159723,UP,20.0,2.0,1186,346,613,461,557,84,0,0,0,0,0,0
1727037366.7103074,3287,3365888,15.2,54.0,531362242,23119270472,UP,20.0,2.0,1204,349,618,468,562,86,0,0,0,0,0,0
1727037368.71283,3327,3406848,3.5,54.0,531530794,23119414130,UP,20.0,2.0,1225,351,623,474,566,88,0,0,0,0,0,0
1727037370.7154548,3367,3447808,8.5,53.8,531672769,23119533041,UP,20.0,2.0,1240,357,629,481,571,89,0,0,0,0,0,0
1727037372.7179615,3407,3488768,9.5,53.9,531812382,23119637778,UP,20.0,2.0,1253,361,634,487,583,89,0,0,0,0,0,0
1727037374.7209344,3447,3529728,7.1,53.9,531967659,23119764290,UP,20.0,2.0,1269,367,640,492,590,89,0,0,0,0,0,0
1727037376.723118,3487,3570688,7.1,53.9,532042084,23119829145,UP,20.0,2.0,1283,370,648,499,596,91,0,0,0,0,0,0
1727037378.7252872,3527,3611648,3.5,53.9,532122766,23119896744,UP,20.0,2.0,1301,374,653,505,599,95,0,0,0,0,0,0
1727037380.728042,3567,3652608,8.5,54.0,532211875,23119982627,UP,20.0,2.0,1319,379,661,508,604,96,0,0,0,0,0,0
1727037382.7316067,3607,3693568,33.5,54.0,532274069,23120045831,UP,20.0,2.0,1337,381,667,513,612,97,0,0,0,0,0,0
1727037384.7343245,3647,3734528,52.3,51.6,532401742,23120148971,UP,20.0,2.0,1354,387,674,519,615,98,0,0,0,0,0,0
1727037386.738679,3687,3775488,8.0,51.4,532513908,23120270841,UP,20.0,2.0,1370,394,679,524,620,100,0,0,0,0,0,0
1727037388.740713,3727,3816448,10.6,51.4,532615158,23120365497,UP,20.0,2.0,1389,398,684,529,627,100,0,0,0,0,0,0
1727037390.7425232,3767,3857408,15.7,51.4,532722695,23120455325,UP,20.0,2.0,1402,402,695,533,635,100,0,0,0,0,0,0
1727037392.745393,3807,3898368,3.5,51.0,532788847,23120522927,UP,20.0,2.0,1414,407,702,542,642,100,0,0,0,0,0,0
1727037394.7475445,3847,3939328,6.5,51.3,532880967,23120615734,UP,20.0,2.0,1430,411,706,546,653,101,0,0,0,0,0,0
1727037396.751681,3887,3980288,6.5,51.4,532963640,23120684651,UP,20.0,2.0,1450,414,709,552,660,102,0,0,0,0,0,0
1727037398.7555518,3927,4021248,4.5,51.4,533053823,23120788206,UP,20.0,2.0,1464,417,717,559,667,103,0,0,0,0,0,0
1727037400.7587965,3967,4062208,13.2,51.5,533161171,23120883570,UP,20.0,2.0,1479,425,723,561,676,103,0,0,0,0,0,0
1727037402.7628179,4007,4103168,1.5,51.5,533247360,23120956724,UP,20.0,2.0,1495,430,727,566,686,103,0,0,0,0,0,0
1727037404.7667751,4047,4144128,12.4,51.2,533335973,23121041367,UP,20.0,2.0,1508,435,737,574,689,104,0,0,0,0,0,0
1727037406.7688732,4087,4185088,5.0,51.3,533398947,23121104923,UP,20.0,2.0,1523,438,744,584,694,104,0,0,0,0,0,0
1727037408.7714777,4127,4226048,1.0,51.3,533513018,23121218261,UP,20.0,2.0,1539,445,750,589,700,104,0,0,0,0,0,0
1727037410.7742755,4167,4267008,17.6,51.4,533614688,23121312989,UP,20.0,2.0,1557,450,757,592,707,104,0,0,0,0,0,0
1727037412.7764468,4207,4307968,1.5,51.4,533683867,23121383062,UP,20.0,2.0,1572,454,767,596,714,104,0,0,0,0,0,0
1727037414.7802932,4247,4348928,1.5,51.4,533764084,23121449082,UP,20.0,2.0,1593,456,773,603,716,106,0,0,0,0,0,0
1727037416.7837565,4287,4389888,5.9,51.5,533826087,23121512353,UP,20.0,2.0,1612,460,783,606,719,107,0,0,0,0,0,0
1727037418.7862444,4327,4430848,1.5,51.5,537138189,23121656177,UP,20.0,2.0,1625,466,791,610,727,108,0,0,0,0,0,0
1727037420.7884774,4367,4471808,27.8,51.6,537340856,23121866579,UP,20.0,2.0,1640,473,802,611,731,110,0,0,0,0,0,0
1727037422.7929113,4407,4512768,7.6,51.6,537542909,23122052708,UP,20.0,2.0,1656,480,812,615,734,110,0,0,0,0,0,0
1727037424.7954786,4447,4553728,0.5,51.6,537695200,23122174299,UP,20.0,2.0,1670,485,818,623,741,110,0,0,0,0,0,0
1727037426.7993577,4487,4594688,9.5,51.6,537845106,23122286841,UP,20.0,2.0,1682,489,827,627,750,112,0,0,0,0,0,0
1727037428.8022294,4527,4635648,2.5,51.6,538017235,23122428733,UP,20.0,2.0,1698,492,834,631,759,113,0,0,0,0,0,0
1727037430.8045135,4567,4676608,15.2,51.3,538161669,23122549863,UP,20.0,2.0,1713,496,841,639,765,113,0,0,0,0,0,0
1727068398.2356977,0,0,7.1,26.4,79881008,22380683337,UP,10,1.0,0,0,0,0,0,0,0,0,0,0,0,0
1727068400.2421281,10,10240,16.7,26.4,79920985,22380719912,UP,10,1.0,0,0,0,0,0,0,6,2,0,0,2,0
1727068402.2462044,20,20480,2.0,26.4,79957229,22380753905,UP,10,1.0,0,0,0,0,0,0,9,4,1,3,2,1
1727068404.2503226,30,30720,3.5,26.4,79992567,22380774950,UP,10,1.0,0,0,0,0,0,0,14,6,1,4,3,2
1727068406.2543137,40,40960,6.9,26.3,80023202,22380806017,UP,10,1.0,0,0,0,0,0,0,19,9,2,5,3,2
1727068408.2581966,50,51200,2.0,26.4,80041739,22380825156,UP,10,1.0,0,0,0,0,0,0,24,10,2,8,4,2
1727068410.261962,60,61440,9.1,26.4,80089005,22380855264,UP,10,1.0,0,0,0,0,0,0,27,11,5,9,6,2
1727068412.2654357,70,71680,2.0,26.5,80109450,22380877669,UP,10,1.0,0,0,0,0,0,0,29,14,6,11,7,3
1727068414.269445,80,81920,9.1,26.5,80130475,22380898722,UP,10,1.0,0,0,0,0,0,0,35,17,7,11,7,3
1727068416.2729955,90,92160,7.1,26.5,80177915,22380931419,UP,10,1.0,0,0,0,0,0,0,40,17,7,16,7,3
1727068418.277577,100,102400,2.0,26.5,80196190,22380950704,UP,10.0,1.0,0,0,0,0,0,0,41,19,9,17,10,4
1727068420.2813284,110,112640,10.1,26.4,80225309,22380978093,UP,10.0,1.0,0,0,0,0,0,0,43,20,10,17,16,4
1727068422.285262,120,122880,7.9,26.4,80266135,22381008282,UP,10.0,1.0,0,0,0,0,0,0,45,23,12,17,18,5
1727068424.289348,130,133120,7.8,26.4,80391148,22381110241,UP,10.0,1.0,0,0,0,0,0,0,46,25,13,20,19,7
1727068426.2933753,140,143360,2.0,26.4,80440055,22381155568,UP,10.0,1.0,0,0,0,0,0,0,46,28,16,21,20,9
1727068428.2973614,150,153600,1.0,26.5,80479071,22381182725,UP,10.0,1.0,0,0,0,0,0,0,48,30,18,22,23,9
1727068430.3014326,160,163840,10.9,26.6,80506602,22381205988,UP,10.0,1.0,0,0,0,0,0,0,50,30,20,23,24,13
1727068432.3054278,170,174080,4.5,26.6,80526211,22381227299,UP,10.0,1.0,0,0,0,0,0,0,53,31,21,24,25,16
1727068434.3091488,180,184320,4.5,26.6,80561638,22381248421,UP,10.0,1.0,0,0,0,0,0,0,57,32,23,26,26,16
1727068436.3131733,190,194560,1.5,26.1,80585444,22381269033,UP,10.0,1.0,0,0,0,0,0,0,57,33,25,27,29,19
1727068438.3172023,200,204800,9.0,26.3,80614243,22381307344,UP,10.0,1.0,0,0,0,0,0,0,59,34,25,30,30,22
1727068440.3220198,210,215040,11.1,26.1,80658969,22381335421,UP,10.0,1.0,0,0,0,0,0,0,61,34,27,32,32,24
1727068442.3261409,220,225280,3.0,26.1,80681229,22381364657,UP,10.0,1.0,0,0,0,0,0,0,63,35,28,32,32,30
1727068444.330104,230,235520,5.5,26.4,80702163,22381386662,UP,10.0,1.0,0,0,0,0,0,0,64,36,30,32,36,32
1727068446.3333552,240,245760,2.0,26.4,80738042,22381425385,UP,10.0,1.0,0,0,0,0,0,0,65,39,32,32,37,35
1727068448.3374133,250,256000,4.5,26.5,80773443,22381445329,UP,10.0,1.0,0,0,0,0,0,0,67,39,35,33,39,37
1727068450.341043,260,266240,9.6,26.4,80803679,22381474435,UP,10.0,1.0,0,0,0,0,0,0,71,41,37,33,41,37
1727068452.3451924,270,276480,8.5,26.4,80959883,22381593323,UP,10.0,1.0,0,0,0,0,0,0,71,45,38,34,43,39
1727068454.3494983,280,286720,15.3,26.4,81263179,22381828888,UP,10.0,1.0,0,0,0,0,0,0,72,47,39,36,45,41
1727068456.3534105,290,296960,4.5,26.4,81442420,22382008698,UP,10.0,1.0,0,0,0,0,0,0,74,48,41,39,47,41
1727068458.3571036,300,307200,3.0,26.5,81573378,22382121584,UP,10.0,1.0,0,0,0,0,0,0,76,50,42,41,49,42
1727068460.3622694,310,317440,19.7,26.5,81679758,22382197836,UP,10.0,1.0,0,0,0,0,0,0,77,53,43,44,50,43
1727068462.3661225,320,327680,49.5,26.3,83857266,22384207531,UP,10.0,1.0,0,0,0,0,0,0,79,55,45,44,51,46
1727068464.3698661,330,337920,5.6,26.4,83949168,22384246043,UP,10.0,1.0,0,0,0,0,0,0,82,55,49,46,52,46
1727068466.3740659,340,348160,16.1,22.2,84433896,22384900896,UP,10.0,1.0,0,0,0,0,0,0,84,56,51,48,53,48
1727068468.3777993,350,358400,44.4,23.5,84699182,22385200904,UP,10.0,1.0,0,0,0,0,0,0,85,57,53,49,55,51
1727068470.397309,360,368640,100.0,25.9,84832735,22385314281,UP,10.0,1.0,0,0,0,0,0,0,85,59,57,50,56,53
1727068472.4201539,370,378880,100.0,26.9,84861389,22385341966,UP,10.0,1.0,0,0,0,0,0,0,85,62,59,51,57,56
1727068474.429606,380,389120,100.0,27.0,84909134,22385376591,UP,10.0,1.0,0,0,0,0,0,0,88,62,63,51,59,57
1727068476.4345021,390,399360,61.6,26.7,84958549,22385422176,UP,10.0,1.0,0,0,0,0,0,0,92,63,63,52,62,58
1727068478.4389343,400,409600,28.0,26.5,85090627,22385518165,UP,10.0,1.0,0,0,0,0,0,0,96,63,65,53,63,60
1727068480.4420085,410,419840,21.7,26.9,85210935,22385614330,UP,10.0,1.0,0,0,0,0,0,0,98,65,66,53,67,61
1727068482.445464,420,430080,4.5,26.7,85340427,22385699890,UP,10.0,1.0,0,0,0,0,0,0,101,67,68,54,68,62
1727068484.4494698,430,440320,15.0,26.7,85491537,22385838555,UP,10.0,1.0,0,0,0,0,0,0,102,71,70,56,68,63
1727068486.4533627,440,450560,8.7,26.9,85641605,22385975564,UP,10.0,1.0,0,0,0,0,0,0,103,74,71,58,69,65
1727068488.457463,450,460800,6.0,27.1,85802530,22386101695,UP,10.0,1.0,0,0,0,0,0,0,106,74,72,61,71,66
1727068490.4615238,460,471040,22.7,27.4,85956026,22386240485,UP,10.0,1.0,0,0,0,0,0,0,106,78,75,64,71,66
1727068492.4649446,470,481280,11.7,26.7,86064100,22386322827,UP,10.0,1.0,0,0,0,0,0,0,106,79,76,68,71,70
1727068494.4690263,480,491520,6.1,26.8,86196556,22386409281,UP,10.0,1.0,0,0,0,0,0,0,107,81,77,69,75,71
1727068496.4730785,490,501760,7.0,26.8,86291512,22386477455,UP,10.0,1.0,0,0,0,0,0,0,108,84,78,71,78,71
1727068498.4766428,500,512000,6.0,26.9,86391821,22386547981,UP,10.0,1.0,0,0,0,0,0,0,110,86,79,73,79,73
1727068500.480599,510,522240,17.9,27.2,86526612,22386641613,UP,10.0,1.0,0,0,0,0,0,0,111,87,84,74,79,75
1727068502.484668,520,532480,5.6,26.6,86646282,22386723950,UP,10.0,1.0,0,0,0,0,0,0,114,88,85,77,80,76
1727068504.4892905,530,542720,6.1,26.3,86754363,22386803517,UP,10.0,1.0,0,0,0,0,0,0,117,91,86,78,80,78
1727068506.4928281,540,552960,8.2,26.3,86855263,22386875006,UP,10.0,1.0,0,0,0,0,0,0,119,91,88,81,81,80
1727068508.4967093,550,563200,10.2,26.4,86969304,22386945046,UP,10.0,1.0,0,0,0,0,0,0,121,91,88,81,85,84
1727068510.5009437,560,573440,15.2,26.7,87079390,22387024463,UP,10.0,1.0,0,0,0,0,0,0,122,92,93,82,86,85
1727068512.5046463,570,583680,1.0,26.7,87181517,22387094237,UP,10.0,1.0,0,0,0,0,0,0,123,93,94,84,87,89
1727068514.5085568,580,593920,9.1,26.7,87308332,22387177933,UP,10.0,1.0,0,0,0,0,0,0,125,96,94,87,87,91
1727068516.5126033,590,604160,6.1,26.7,87393950,22387229746,UP,10.0,1.0,0,0,0,0,0,0,126,97,95,91,90,91
1727068518.5168798,600,614400,1.0,26.7,87406102,22387239204,UP,10.0,1.0,0,0,0,0,0,0,127,98,97,93,92,93
1727068520.5210166,610,624640,5.1,26.7,87549390,22387346907,UP,10.0,1.0,0,0,0,0,0,0,129,101,98,95,94,93
1727068522.5255487,620,634880,3.0,26.7,87663891,22387423868,UP,10.0,1.0,0,0,0,0,0,0,131,101,101,97,95,95
1727068524.5295427,630,645120,9.0,26.3,87769575,22387493117,UP,10.0,1.0,0,0,0,0,0,0,132,102,101,100,96,99
1727068526.5334804,640,655360,7.0,26.3,87882809,22387562022,UP,10.0,1.0,0,0,0,0,0,0,136,102,102,103,97,100
1727068528.537598,650,665600,2.5,26.3,87898429,22387576738,UP,10.0,1.0,0,0,0,0,0,0,136,105,102,105,100,102
1727068530.5414898,660,675840,15.1,26.5,87917669,22387588568,UP,10.0,1.0,0,0,0,0,0,0,136,106,106,107,101,104
1727068532.545458,670,686080,2.0,26.6,87976956,22387652129,UP,10.0,1.0,0,0,0,0,0,0,138,106,110,108,103,105
1727068534.5495281,680,696320,25.6,26.3,88156428,22387771811,UP,10.0,1.0,0,0,0,0,0,0,139,107,110,110,107,107
1727068536.5534172,690,706560,9.5,26.0,88253368,22387839211,UP,10.0,1.0,0,0,0,0,0,0,140,108,113,112,109,108
1727068538.5572574,700,716800,3.5,26.0,88377260,22387916295,UP,10.0,1.0,0,0,0,0,0,0,144,109,114,114,111,108
1727068540.5605292,710,727040,7.7,26.0,88493636,22388004641,UP,10.0,1.0,0,0,0,0,0,0,146,110,116,115,112,111
1727068542.5639734,720,737280,2.0,26.2,88593805,22388066637,UP,10.0,1.0,0,0,0,0,0,0,148,111,118,117,113,113
1727068544.5680475,730,747520,5.1,26.2,88728368,22388157787,UP,10.0,1.0,0,0,0,0,0,0,150,112,119,120,115,114
1727068546.572075,740,757760,14.6,26.2,88862543,22388251177,UP,10.0,1.0,0,0,0,0,0,0,151,114,120,124,117,114
1727068548.57578,750,768000,2.0,26.2,89005418,22388355755,UP,10.0,1.0,0,0,0,0,0,0,151,115,124,128,118,114
1727068550.579739,760,778240,6.5,26.2,89140898,22388441524,UP,10.0,1.0,0,0,0,0,0,0,154,116,126,130,118,116
1727068552.5845978,770,788480,8.5,26.1,89428421,22388686051,UP,10.0,1.0,0,0,0,0,0,0,155,120,129,130,118,118
1727068554.5895715,780,798720,6.0,26.1,89588723,22388833848,UP,10.0,1.0,0,0,0,0,0,0,156,120,132,131,121,120
1727068556.593878,790,808960,5.1,26.2,89817591,22389020064,UP,10.0,1.0,0,0,0,0,0,0,156,122,136,132,123,121
1727068558.5979183,800,819200,2.5,26.3,89944358,22389108205,UP,10.0,1.0,0,0,0,0,0,0,157,123,137,134,126,123
1727068560.602011,810,829440,4.6,26.3,90177120,22389270198,UP,10.0,1.0,0,0,0,0,0,0,158,126,138,138,126,124
1727068562.6057694,820,839680,8.6,26.0,90514259,22389580322,UP,10.0,1.0,0,0,0,0,0,0,161,128,138,139,129,125
1727068564.609916,830,849920,4.5,26.0,90656953,22389674578,UP,10.0,1.0,0,0,0,0,0,0,163,129,139,144,129,126
1727068566.613853,840,860160,6.0,26.0,90808875,22389800316,UP,10.0,1.0,0,0,0,0,0,0,165,130,139,146,130,130
1727068568.6181169,850,870400,6.5,26.2,90970848,22389895588,UP,10.0,1.0,0,0,0,0,0,0,167,131,142,147,133,130
1727068570.622209,860,880640,6.0,26.2,91123791,22389998745,UP,10.0,1.0,0,0,0,0,0,0,170,132,143,147,137,131
1727068572.6264067,870,890880,7.0,25.8,91239760,22390069026,UP,10.0,1.0,0,0,0,0,0,0,170,136,146,148,139,131
1727068574.6295357,880,901120,7.0,25.9,91395290,22390166217,UP,10.0,1.0,0,0,0,0,0,0,174,137,148,149,140,132
1727068576.6333447,890,911360,13.6,25.9,91542516,22390271125,UP,10.0,1.0,0,0,0,0,0,0,175,139,150,150,143,133
1727068578.6376228,900,921600,12.1,26.1,91699215,22390407004,UP,10.0,1.0,0,0,0,0,0,0,176,143,151,153,143,134
1727068580.641766,910,931840,10.0,26.1,91877376,22390634481,UP,10.0,1.0,0,0,0,0,0,0,177,145,151,156,146,135
1727068582.645874,920,942080,54.8,25.8,92077540,22399917159,UP,10.0,1.0,0,0,0,0,0,0,179,147,152,157,149,136
1727068584.6501057,930,952320,70.5,26.1,92233411,22400038738,UP,10.0,1.0,0,0,0,0,0,0,181,149,155,158,150,137
1727068586.654706,940,962560,32.0,25.8,92489140,22400215222,UP,10.0,1.0,0,0,0,0,0,0,181,151,158,160,153,137
1727068588.658711,950,972800,4.0,25.9,92625582,22400311182,UP,10.0,1.0,0,0,0,0,0,0,183,152,158,160,157,140
1727068590.662651,960,983040,12.3,26.0,92781002,22400416978,UP,10.0,1.0,0,0,0,0,0,0,184,154,159,163,160,140
1727068592.6668267,970,993280,30.0,26.3,92944506,22400526026,UP,10.0,1.0,0,0,0,0,0,0,184,155,160,166,162,143
1727068594.6707375,980,1003520,11.1,26.3,93118583,22400655014,UP,10.0,1.0,0,0,0,0,0,0,185,156,162,170,163,144
1727068596.6746545,990,1013760,9.1,26.3,93266006,22400756376,UP,10.0,1.0,0,0,0,0,0,0,187,156,164,171,166,146
1727068598.6784317,1000,1024000,5.5,26.3,93429006,22400861566,UP,10.0,1.0,0,0,0,0,0,0,188,156,167,173,167,149
1727068600.683292,1010,1034240,18.5,26.4,93614169,22400990946,UP,10.0,1.0,0,0,0,0,0,0,189,157,169,176,169,150
1727068602.6873648,1020,1044480,16.1,26.0,93752852,22401084567,UP,10.0,1.0,0,0,0,0,0,0,190,161,170,177,171,151
1727068604.6907637,1030,1054720,9.9,26.0,93928446,22401193730,UP,10.0,1.0,0,0,0,0,0,0,191,164,173,179,172,151
1727068606.694629,1040,1064960,10.0,26.2,94066798,22401289432,UP,10.0,1.0,0,0,0,0,0,0,194,166,177,180,172,151
1727068608.6979864,1050,1075200,4.0,26.2,94214352,22401385854,UP,10.0,1.0,0,0,0,0,0,0,197,166,178,181,173,155
1727068610.701787,1060,1085440,9.5,26.2,94377148,22401488501,UP,10.0,1.0,0,0,0,0,0,0,198,169,179,183,175,156
1727068612.7052126,1070,1095680,26.0,26.4,94404529,22401519729,UP,10.0,1.0,0,0,0,0,0,0,204,169,181,183,176,157
1727068614.7087817,1080,1105920,6.1,26.4,94442434,22401549922,UP,10.0,1.0,0,0,0,0,0,0,205,172,181,186,178,158
1727068616.7130284,1090,1116160,9.1,26.4,94610052,22401655165,UP,10.0,1.0,0,0,0,0,0,0,205,175,183,188,179,160
1727068618.7165,1100,1126400,2.5,25.9,94620613,22401661636,UP,10.0,1.0,0,0,0,0,0,0,208,177,185,188,182,160
1727068620.7201426,1110,1136640,7.0,26.0,94650432,22401688059,UP,10.0,1.0,0,0,0,0,0,0,209,177,186,190,183,165
1727068622.7241006,1120,1146880,22.2,26.2,94710544,22401736922,UP,10.0,1.0,0,0,0,0,0,0,212,180,187,190,184,167
1727068624.728213,1130,1157120,8.5,26.3,94908956,22401892694,UP,10.0,1.0,0,0,0,0,0,0,213,180,188,193,185,171
1727068626.7322712,1140,1167360,4.5,26.3,95200886,22402076209,UP,10.0,1.0,0,0,0,0,0,0,216,182,191,193,187,171
1727068628.736555,1150,1177600,5.0,26.3,95367308,22402188298,UP,10.0,1.0,0,0,0,0,0,0,218,184,192,194,190,172
1727068630.7407236,1160,1187840,7.5,26.3,95524916,22402290230,UP,10.0,1.0,0,0,0,0,0,0,221,186,193,195,192,173
1727068632.7456615,1170,1198080,12.7,26.5,95669103,22402379441,UP,10.0,1.0,0,0,0,0,0,0,224,188,194,197,193,174
1727068634.7496476,1180,1208320,7.0,26.2,95718861,22402415308,UP,10.0,1.0,0,0,0,0,0,0,226,191,196,198,194,175
1727068636.7534528,1190,1218560,5.0,26.2,95971147,22402572170,UP,10.0,1.0,0,0,0,0,0,0,230,193,196,201,195,175
1727068638.7575345,1200,1228800,7.7,26.3,96120920,22402679425,UP,10.0,1.0,0,0,0,0,0,0,233,196,197,202,197,175
1727068640.7613025,1210,1239040,5.5,26.3,96311388,22402797281,UP,10.0,1.0,0,0,0,0,0,0,234,198,198,203,200,177
1727068642.7647579,1220,1249280,7.4,26.3,96469649,22402903767,UP,10.0,1.0,0,0,0,0,0,0,234,201,199,204,202,180
1727068644.7687688,1230,1259520,6.6,26.1,96627090,22403003115,UP,10.0,1.0,0,0,0,0,0,0,236,204,199,207,203,181
1727068646.7722511,1240,1269760,2.5,26.1,96658394,22403016180,UP,10.0,1.0,0,0,0,0,0,0,237,204,202,208,205,184
1727068648.7762132,1250,1280000,1.5,26.1,96798471,22403111361,UP,10.0,1.0,0,0,0,0,0,0,238,207,203,210,207,185
1727068650.780054,1260,1290240,5.6,26.1,96963530,22403233843,UP,10.0,1.0,0,0,0,0,0,0,242,207,204,212,208,187
1727068652.78418,1270,1300480,5.5,26.1,97005129,22403253339,UP,10.0,1.0,0,0,0,0,0,0,246,207,204,212,211,190
1727068654.788418,1280,1310720,11.5,26.0,97151381,22403348097,UP,10.0,1.0,0,0,0,0,0,0,248,210,204,215,213,190
1727068656.7928593,1290,1320960,3.0,26.0,97180816,22403384472,UP,10.0,1.0,0,0,0,0,0,0,250,211,207,215,215,192
1727068658.7965941,1300,1331200,2.0,26.0,97217593,22403402385,UP,10.0,1.0,0,0,0,0,0,0,251,213,208,216,218,194
1727068660.8000767,1310,1341440,10.7,26.2,97321537,22403460507,UP,10.0,1.0,0,0,0,0,0,0,255,214,210,217,219,195
1727068662.8039174,1320,1351680,6.0,26.2,100416879,22403495194,UP,10.0,1.0,0,0,0,0,0,0,258,214,212,221,220,195
1727068664.8081605,1330,1361920,2.0,26.4,100445926,22403505502,UP,10.0,1.0,0,0,0,0,0,0,260,216,213,222,221,198
1727068666.8123684,1340,1372160,1.5,26.5,100455336,22403511142,UP,10.0,1.0,0,0,0,0,0,0,261,218,215,224,222,200
1727068668.816511,1350,1382400,1.5,26.5,100467183,22403519583,UP,10.0,1.0,0,0,0,0,0,0,264,221,216,225,224,200
1727068670.8204784,1360,1392640,11.1,26.2,100495667,22403529560,UP,10.0,1.0,0,0,0,0,0,0,265,223,218,227,226,201
1727068672.824179,1370,1402880,7.1,26.2,100536635,22403553460,UP,10.0,1.0,0,0,0,0,0,0,267,225,219,228,228,203
1727068674.8282707,1380,1413120,1.5,26.2,100597971,22403611610,UP,10.0,1.0,0,0,0,0,0,0,270,228,219,228,231,204
1727068676.8321035,1390,1423360,9.1,26.3,100624121,22403635676,UP,10.0,1.0,0,0,0,0,0,0,271,231,220,229,235,204
1727068678.8363252,1400,1433600,1.5,26.3,100672979,22403661917,UP,10.0,1.0,0,0,0,0,0,0,271,232,222,230,236,209
1727068680.8399787,1410,1443840,5.5,26.3,100691765,22403679677,UP,10.0,1.0,0,0,0,0,0,0,276,234,224,230,237,209
1727068682.8438258,1420,1454080,5.6,26.3,100704284,22403690036,UP,10.0,1.0,0,0,0,0,0,0,277,234,227,232,238,212
1727068684.8479404,1430,1464320,2.5,26.1,100739982,22403709552,UP,10.0,1.0,0,0,0,0,0,0,278,235,229,233,240,215
1727068686.8519,1440,1474560,7.4,26.2,100771413,22403752175,UP,10.0,1.0,0,0,0,0,0,0,279,237,231,236,241,216
1727068688.8558016,1450,1484800,5.4,26.2,100795409,22403772471,UP,10.0,1.0,0,0,0,0,0,0,280,239,232,236,245,218
1727068690.8598063,1460,1495040,6.0,26.2,100827469,22403788672,UP,10.0,1.0,0,0,0,0,0,0,282,241,234,237,247,219
1727068692.863828,1470,1505280,11.9,26.3,100836871,22403794304,UP,10.0,1.0,0,0,0,0,0,0,285,241,238,237,249,220
1727068694.8675296,1480,1515520,2.0,25.9,100854538,22403804223,UP,10.0,1.0,0,0,0,0,0,0,286,243,239,238,252,222
1727068696.8714519,1490,1525760,2.0,25.9,100882390,22403813866,UP,10.0,1.0,0,0,0,0,0,0,288,243,243,241,252,223
1727069088.3478189,0,0,7.5,27.9,145513902,22427478817,UP,10,1.0,0,0,0,0,0,0,0,0,0,0,0,0
1727069090.3511353,10,10240,11.2,27.7,145614096,22427531219,UP,10,1.0,0,0,0,0,0,0,1,3,1,3,1,1
1727069092.3554778,20,20480,13.6,28.0,145778848,22427627602,UP,10,1.0,0,0,0,0,0,0,6,5,3,3,2,1
1727069094.3589704,30,30720,4.0,28.0,145918495,22427714113,UP,10,1.0,0,0,0,0,0,0,12,5,4,4,4,1
1727069096.3631318,40,40960,4.5,28.0,146025346,22427771887,UP,10,1.0,0,0,0,0,0,0,18,8,4,4,4,2
1727069098.3666296,50,51200,14.5,27.7,146146157,22427833251,UP,10,1.0,0,0,0,0,0,0,22,9,7,5,5,2
1727069100.371225,60,61440,7.0,28.0,146252283,22427892419,UP,10,1.0,0,0,0,0,0,0,28,11,8,6,5,2
1727069102.374788,70,71680,10.4,28.1,146361797,22427957356,UP,10,1.0,0,0,0,0,0,0,30,17,8,7,5,3
1727069104.378752,80,81920,10.0,28.3,146484079,22428019521,UP,10,1.0,0,0,0,0,0,0,32,18,9,11,6,4
1727069106.3826034,90,92160,5.5,27.8,146589787,22428078166,UP,10,1.0,0,0,0,0,0,0,36,20,11,12,7,4
1727069108.386095,100,102400,3.0,27.8,146710782,22428145860,UP,10.0,1.0,0,0,0,0,0,0,39,22,13,14,8,4
1727069110.3898897,110,112640,3.0,28.0,146840781,22428213498,UP,10.0,1.0,0,0,0,0,0,0,42,24,15,14,10,5
1727069112.3937178,120,122880,8.1,28.2,146949171,22428273977,UP,10.0,1.0,0,0,0,0,0,0,45,24,17,15,11,8
1727069114.397313,130,133120,14.6,28.2,147056870,22428333173,UP,10.0,1.0,0,0,0,0,0,0,46,25,17,17,13,12
1727069116.4009273,140,143360,4.5,28.2,147182314,22428395893,UP,10.0,1.0,0,0,0,0,0,0,46,26,19,22,13,14
1727069118.404845,150,153600,3.5,28.2,147291533,22428454805,UP,10.0,1.0,0,0,0,0,0,0,46,27,20,23,17,17
1727069120.4086437,160,163840,8.5,27.8,147397539,22428513847,UP,10.0,1.0,0,0,0,0,0,0,47,29,22,25,19,18
1727069122.4126394,170,174080,10.0,27.9,147536548,22428584606,UP,10.0,1.0,0,0,0,0,0,0,48,30,23,29,21,19
1727069124.4168313,180,184320,6.6,27.9,147666542,22428658731,UP,10.0,1.0,0,0,0,0,0,0,50,32,24,32,23,19
1727069126.4207418,190,194560,4.0,28.0,147775309,22428720218,UP,10.0,1.0,0,0,0,0,0,0,52,35,25,34,24,20
1727069128.4251473,200,204800,8.5,28.0,147906708,22428790024,UP,10.0,1.0,0,0,0,0,0,0,52,40,25,37,26,20
1727069130.429047,210,215040,9.0,28.1,148014358,22428850158,UP,10.0,1.0,0,0,0,0,0,0,54,42,26,38,29,21
1727069132.4333842,220,225280,3.0,28.3,148124581,22428909774,UP,10.0,1.0,0,0,0,0,0,0,58,45,28,39,29,21
1727069134.437455,230,235520,10.4,28.3,148233329,22428972556,UP,10.0,1.0,0,0,0,0,0,0,61,46,30,40,31,22
1727069136.441533,240,245760,11.1,27.8,148358998,22429033447,UP,10.0,1.0,0,0,0,0,0,0,64,47,31,42,34,22
1727069138.4453983,250,256000,8.5,27.9,148472822,22429099601,UP,10.0,1.0,0,0,0,0,0,0,65,48,36,45,34,22
1727069140.4494724,260,266240,3.0,27.9,148580804,22429160605,UP,10.0,1.0,0,0,0,0,0,0,68,50,38,47,35,22
1727069142.4531915,270,276480,5.6,28.4,148722804,22429234774,UP,10.0,1.0,0,0,0,0,0,0,68,51,39,47,39,26
1727069144.456964,280,286720,7.1,28.4,148838436,22429297799,UP,10.0,1.0,0,0,0,0,0,0,70,54,39,49,42,26
1727069146.4607258,290,296960,7.5,28.4,148945095,22429357024,UP,10.0,1.0,0,0,0,0,0,0,71,55,41,50,45,28
1727069148.4645383,300,307200,8.1,28.4,149079217,22429428867,UP,10.0,1.0,0,0,0,0,0,0,72,58,41,50,50,29
1727069150.468198,310,317440,3.5,28.4,149187585,22429488563,UP,10.0,1.0,0,0,0,0,0,0,74,58,44,54,50,30
1727069152.4720495,320,327680,11.9,28.4,149300746,22429551627,UP,10.0,1.0,0,0,0,0,0,0,75,59,47,55,52,32
1727069154.4757855,330,337920,6.0,28.4,149431176,22429615929,UP,10.0,1.0,0,0,0,0,0,0,75,63,48,57,52,35
1727069156.4805217,340,348160,2.5,28.4,149543277,22429681242,UP,10.0,1.0,0,0,0,0,0,0,75,64,50,59,56,36
1727069158.4849477,350,358400,6.6,28.4,149665166,22429753622,UP,10.0,1.0,0,0,0,0,0,0,78,65,50,61,57,39
1727069160.4882553,360,368640,1.0,28.4,149793051,22429818562,UP,10.0,1.0,0,0,0,0,0,0,80,65,53,62,60,40
1727069162.491642,370,378880,1.5,28.1,149902068,22429875057,UP,10.0,1.0,0,0,0,0,0,0,81,65,56,66,61,41
1727069164.495104,380,389120,3.5,28.1,150014918,22429940979,UP,10.0,1.0,0,0,0,0,0,0,82,65,58,67,64,44
1727069166.4984872,390,399360,3.5,28.1,150147125,22430006307,UP,10.0,1.0,0,0,0,0,0,0,83,67,60,68,66,46
1727069168.5022407,400,409600,14.0,28.2,150260185,22430068489,UP,10.0,1.0,0,0,0,0,0,0,84,67,64,71,67,47
1727069170.5056593,410,419840,1.5,28.2,150375120,22430130376,UP,10.0,1.0,0,0,0,0,0,0,88,67,65,73,68,49
1727069172.5097249,420,430080,9.1,28.4,150503825,22430195624,UP,10.0,1.0,0,0,0,0,0,0,90,70,67,73,70,50
1727069174.513177,430,440320,9.9,27.9,150619417,22430256528,UP,10.0,1.0,0,0,0,0,0,0,91,71,70,74,72,52
1727069176.5167127,440,450560,2.5,27.9,150727254,22430313536,UP,10.0,1.0,0,0,0,0,0,0,93,72,71,74,75,55
1727069178.5210357,450,460800,5.5,27.9,150759996,22430330031,UP,10.0,1.0,0,0,0,0,0,0,94,74,72,76,79,55
1727069180.524432,460,471040,1.5,28.1,150869317,22430388647,UP,10.0,1.0,0,0,0,0,0,0,94,76,75,78,82,55
1727069182.527963,470,481280,9.7,28.3,150996975,22430462736,UP,10.0,1.0,0,0,0,0,0,0,97,81,76,79,82,55
1727069184.5323284,480,491520,10.5,28.3,151134646,22430532675,UP,10.0,1.0,0,0,0,0,0,0,98,82,78,81,84,57
1727069186.5361912,490,501760,3.0,28.3,151148847,22430541214,UP,10.0,1.0,0,0,0,0,0,0,101,83,79,82,86,59
1727069188.5398529,500,512000,6.5,28.3,151280867,22430617963,UP,10.0,1.0,0,0,0,0,0,0,104,84,79,83,88,62
1727069190.5441303,510,522240,10.0,28.0,151420719,22430685678,UP,10.0,1.0,0,0,0,0,0,0,105,85,79,85,92,64
1727069192.5481462,520,532480,10.2,27.9,151557884,22430768422,UP,10.0,1.0,0,0,0,0,0,0,106,87,79,89,94,65
1727069194.5518925,530,542720,15.1,20.5,151573497,22430775474,UP,10.0,1.0,0,0,0,0,0,0,106,89,80,91,96,68
1727069196.5560837,540,552960,2.5,20.4,151702326,22430838070,UP,10.0,1.0,0,0,0,0,0,0,106,92,80,91,99,72
1727069198.559902,550,563200,5.5,20.4,151712573,22430844559,UP,10.0,1.0,0,0,0,0,0,0,110,92,80,94,102,72
1727069200.5640466,560,573440,5.0,20.4,151723086,22430851032,UP,10.0,1.0,0,0,0,0,0,0,112,93,83,95,105,72
1727069202.5685568,570,583680,10.6,20.6,151854849,22430917815,UP,10.0,1.0,0,0,0,0,0,0,113,97,83,97,106,74
1727069204.57222,580,593920,4.5,20.6,151976027,22430987517,UP,10.0,1.0,0,0,0,0,0,0,115,100,84,97,107,77
1727069206.5758176,590,604160,9.5,20.6,152088268,22431048964,UP,10.0,1.0,0,0,0,0,0,0,116,100,85,101,110,78
1727069208.5794206,600,614400,6.5,20.7,152227589,22431121343,UP,10.0,1.0,0,0,0,0,0,0,116,102,86,104,112,80
1727069210.5836165,610,624640,2.5,20.7,152342775,22431181670,UP,10.0,1.0,0,0,0,0,0,0,119,105,87,104,113,82
1727069212.587803,620,634880,11.5,20.4,152456341,22431244134,UP,10.0,1.0,0,0,0,0,0,0,121,105,89,104,118,83
1727069214.591839,630,645120,4.1,20.4,152596503,22431323593,UP,10.0,1.0,0,0,0,0,0,0,122,109,90,106,118,85
1727069216.5960157,640,655360,3.6,20.5,152608735,22431330204,UP,10.0,1.0,0,0,0,0,0,0,124,112,92,107,120,85
1727069218.5998714,650,665600,5.1,20.5,152726696,22431398399,UP,10.0,1.0,0,0,0,0,0,0,125,115,93,108,121,88
1727069220.6039777,660,675840,1.5,20.5,152866203,22431466898,UP,10.0,1.0,0,0,0,0,0,0,129,116,93,111,122,89
1727069222.6082366,670,686080,17.1,20.7,152981297,22431525890,UP,10.0,1.0,0,0,0,0,0,0,132,118,94,111,123,92
1727069224.6117177,680,696320,5.0,20.7,153101459,22431595665,UP,10.0,1.0,0,0,0,0,0,0,132,119,95,113,126,95
1727069226.6156716,690,706560,2.5,20.7,153237495,22431659393,UP,10.0,1.0,0,0,0,0,0,0,133,121,99,114,128,95
1727069228.6191034,700,716800,8.5,20.3,153250947,22431670927,UP,10.0,1.0,0,0,0,0,0,0,136,122,99,117,130,96
1727069230.6232753,710,727040,2.5,20.3,153369905,22431737532,UP,10.0,1.0,0,0,0,0,0,0,137,127,100,119,131,96
1727069232.627192,720,737280,11.5,20.5,153504146,22431805268,UP,10.0,1.0,0,0,0,0,0,0,139,129,102,123,131,96
1727069234.6302593,730,747520,2.0,20.6,153517804,22431812707,UP,10.0,1.0,0,0,0,0,0,0,141,131,105,123,132,98
1727069236.6340823,740,757760,3.0,20.5,153531151,22431824384,UP,10.0,1.0,0,0,0,0,0,0,144,132,107,125,133,99
1727069238.6373818,750,768000,9.0,20.6,153665946,22431887767,UP,10.0,1.0,0,0,0,0,0,0,146,139,107,125,133,100
1727069240.6414273,760,778240,1.5,20.6,153681296,22431901827,UP,10.0,1.0,0,0,0,0,0,0,148,141,108,127,133,103
1727069242.6452622,770,788480,2.5,20.6,153816177,22431975323,UP,10.0,1.0,0,0,0,0,0,0,151,142,108,127,137,105
1727069244.6488225,780,798720,1.5,20.6,153957971,22432050166,UP,10.0,1.0,0,0,0,0,0,0,152,143,109,129,139,108
1727069246.6524365,790,808960,3.0,20.6,154077771,22432114929,UP,10.0,1.0,0,0,0,0,0,0,156,144,111,129,140,110
1727069248.6564448,800,819200,1.5,20.2,154093455,22432126626,UP,10.0,1.0,0,0,0,0,0,0,157,144,112,129,145,113
1727069250.6603498,810,829440,1.5,20.2,154340335,22432249367,UP,10.0,1.0,0,0,0,0,0,0,158,146,114,133,146,113
1727069252.6640024,820,839680,2.5,20.2,154460827,22432318872,UP,10.0,1.0,0,0,0,0,0,0,159,146,114,138,150,113
1727069254.668126,830,849920,1.5,20.5,154587265,22432384575,UP,10.0,1.0,0,0,0,0,0,0,161,147,115,139,152,116
1727069256.6724663,840,860160,2.0,20.5,154724549,22432453994,UP,10.0,1.0,0,0,0,0,0,0,164,150,115,140,153,118
1727069258.6768105,850,870400,1.0,20.5,154844742,22432516194,UP,10.0,1.0,0,0,0,0,0,0,166,152,118,140,155,119
1727069260.6808243,860,880640,1.5,20.5,154854768,22432522218,UP,10.0,1.0,0,0,0,0,0,0,170,154,119,141,155,121
1727069262.6847687,870,890880,3.0,20.5,157748538,22432575428,UP,10.0,1.0,0,0,0,0,0,0,174,155,120,142,156,123
1727069264.6890507,880,901120,1.5,20.6,157763464,22432587834,UP,10.0,1.0,0,0,0,0,0,0,175,156,122,144,159,124
1727069266.6931796,890,911360,2.0,20.6,157778362,22432601071,UP,10.0,1.0,0,0,0,0,0,0,175,158,124,145,163,125
1727069268.6972759,900,921600,2.0,20.6,157914238,22432665942,UP,10.0,1.0,0,0,0,0,0,0,176,161,127,146,164,126
1727069270.7013497,910,931840,2.5,20.6,158034831,22432731557,UP,10.0,1.0,0,0,0,0,0,0,179,163,127,147,165,129
1727069272.7052836,920,942080,3.0,20.6,158160730,22432804508,UP,10.0,1.0,0,0,0,0,0,0,182,163,129,149,165,132
1727069274.7092524,930,952320,1.0,20.7,158198971,22432822205,UP,10.0,1.0,0,0,0,0,0,0,184,163,132,150,167,134
1727069276.7127802,940,962560,3.5,20.7,158317037,22432883605,UP,10.0,1.0,0,0,0,0,0,0,186,164,134,150,169,137
1727069278.7168007,950,972800,2.0,20.7,158441737,22432955091,UP,10.0,1.0,0,0,0,0,0,0,186,165,136,151,172,140
1727069280.720779,960,983040,1.5,20.7,158589466,22433033386,UP,10.0,1.0,0,0,0,0,0,0,186,168,138,154,173,141
1727069282.7248108,970,993280,1.5,20.7,158714425,22433100796,UP,10.0,1.0,0,0,0,0,0,0,188,170,141,155,175,141
1727069284.729021,980,1003520,1.5,20.4,158841871,22433168603,UP,10.0,1.0,0,0,0,0,0,0,189,172,144,156,176,143
1727069286.7332015,990,1013760,2.0,20.4,158983221,22433240596,UP,10.0,1.0,0,0,0,0,0,0,192,174,146,157,177,144
1727069288.737116,1000,1024000,2.0,20.4,158996375,22433247493,UP,10.0,1.0,0,0,0,0,0,0,192,176,149,157,179,147
1727069290.7413776,1010,1034240,1.5,20.4,159006372,22433253506,UP,10.0,1.0,0,0,0,0,0,0,193,176,149,157,184,151
1727069292.7453952,1020,1044480,2.0,20.4,159034314,22433263191,UP,10.0,1.0,0,0,0,0,0,0,195,177,151,157,186,154
1727069294.7494252,1030,1054720,2.5,20.7,159045075,22433269550,UP,10.0,1.0,0,0,0,0,0,0,198,179,155,157,187,154
1727069296.7534308,1040,1064960,4.5,20.6,159054570,22433275271,UP,10.0,1.0,0,0,0,0,0,0,199,179,158,159,190,155
1727069298.7576451,1050,1075200,5.0,20.6,159083421,22433285449,UP,10.0,1.0,0,0,0,0,0,0,200,180,158,163,191,158
1727069300.7620823,1060,1085440,1.5,20.6,159093324,22433291350,UP,10.0,1.0,0,0,0,0,0,0,202,182,159,164,192,161
1727069302.766096,1070,1095680,2.0,20.6,159115591,22433303898,UP,10.0,1.0,0,0,0,0,0,0,204,185,161,165,193,162
1727069304.770552,1080,1105920,1.5,20.4,159144967,22433314373,UP,10.0,1.0,0,0,0,0,0,0,204,189,164,165,195,163
1727069306.7741997,1090,1116160,2.0,20.4,159154377,22433320013,UP,10.0,1.0,0,0,0,0,0,0,205,191,166,167,196,165
1727069308.7782588,1100,1126400,2.0,20.4,159164705,22433326139,UP,10.0,1.0,0,0,0,0,0,0,207,195,167,168,197,166
1727069310.7820594,1110,1136640,2.0,20.4,159193115,22433336076,UP,10.0,1.0,0,0,0,0,0,0,207,198,168,169,199,169
1727069312.7855847,1120,1146880,1.5,20.4,159202512,22433341703,UP,10.0,1.0,0,0,0,0,0,0,210,198,169,173,200,170
1727069314.789406,1130,1157120,11.5,20.3,159213285,22433348074,UP,10.0,1.0,0,0,0,0,0,0,211,199,175,173,201,171
1727069316.7934613,1140,1167360,3.0,20.3,159241133,22433357713,UP,10.0,1.0,0,0,0,0,0,0,213,201,179,174,202,171
1727069318.7975612,1150,1177600,2.0,20.3,159251461,22433363839,UP,10.0,1.0,0,0,0,0,0,0,215,204,180,176,203,172
1727069320.8015924,1160,1187840,1.5,20.3,159261389,22433369749,UP,10.0,1.0,0,0,0,0,0,0,215,205,182,178,205,175
1727069322.8058639,1170,1198080,3.0,20.4,159290026,22433379852,UP,10.0,1.0,0,0,0,0,0,0,216,207,185,178,205,179
1727069324.8101637,1180,1208320,33.3,20.6,159310405,22433404805,UP,10.0,1.0,0,0,0,0,0,0,217,207,187,181,207,181
1727069326.8142362,1190,1218560,27.3,21.5,162331456,22435301206,UP,10.0,1.0,0,0,0,0,0,0,219,209,189,182,210,181
1727069328.8175735,1200,1228800,12.1,22.2,174952593,22443537067,UP,10.0,1.0,0,0,0,0,0,0,219,212,192,182,210,185
1727069330.8221312,1210,1239040,48.7,23.5,186571245,22450260613,UP,10.0,1.0,0,0,0,0,0,0,221,214,192,182,213,188
1727069332.8273072,1220,1249280,41.7,24.5,196282741,22455411752,UP,10.0,1.0,0,0,0,0,0,0,223,214,193,185,216,189
1727069334.831233,1230,1259520,52.5,25.4,196522338,22455606854,UP,10.0,1.0,0,0,0,0,0,0,223,217,195,185,218,192
1727069336.8366868,1240,1269760,64.6,27.0,196599794,22455714932,UP,10.0,1.0,0,0,0,0,0,0,223,218,198,188,219,194
1727069495.813887,0,0,27.4,31.4,201428206,22460470169,UP,10,1.0,0,0,0,0,0,0,0,0,0,0,0,0
1727069497.8167405,10,10240,14.3,31.3,201503200,22460538802,UP,10,1.0,6,0,1,2,0,1,0,0,0,0,0,0
1727069499.819352,20,20480,5.6,31.5,201557999,22460588456,UP,10,1.0,14,0,1,2,1,2,0,0,0,0,0,0
1727069507.5526774,0,0,53.5,34.4,201802945,22460781934,UP,10,1.0,0,0,0,0,0,0,0,0,0,0,0,0
1727069509.555038,10,10240,6.0,34.4,201872336,22460837443,UP,10,1.0,7,0,1,1,1,0,0,0,0,0,0,0
