timestamp,packets_sent,bytes_sent,elapsed_time,packet_rate,bandwidth,cpu_usage,memory_usage,network_bytes_sent,network_bytes_recv,network_packets_sent,network_packets_recv,attack_intensity,src_ip,dest_ip
2024-09-22 18:49:43.094913,0,0,1.2559709548950195,0.0,0.0,64.3,21.7,64713935,22670387590,317116,16245298,1.0,,192.168.1.100
2024-09-22 18:49:44.210979,0,0,2.372036933898926,0.0,0.0,7.6,21.9,64741616,22670403220,317176,16245352,1.0,,192.168.1.100
2024-09-22 18:49:45.270936,0,0,3.4319939613342285,0.0,0.0,13.2,22.1,64759156,22670431859,317249,16245426,1.0,,192.168.1.100
2024-09-22 18:49:46.348119,0,0,4.5091776847839355,0.0,0.0,22.1,22.1,64774254,22670438208,317278,16245452,1.0,,192.168.1.100
2024-09-22 18:49:47.410139,0,0,5.571196794509888,0.0,0.0,7.5,22.1,64778120,22670440948,317300,16245469,1.0,,192.168.1.100
2024-09-22 18:49:48.468711,0,0,6.629769325256348,0.0,0.0,16.6,21.9,64787104,22670447935,317317,16245486,1.0,,192.168.1.100
2024-09-22 18:49:49.528497,0,0,7.689554929733276,0.0,0.0,4.8,21.9,64789765,22671551760,317338,16246286,1.0,,192.168.1.100
2024-09-22 18:49:50.593098,0,0,8.754156589508057,0.0,0.0,8.5,22.2,64809297,22671556979,317368,16246310,1.0,,192.168.1.100
2024-09-22 18:49:51.688961,0,0,9.850019216537476,0.0,0.0,21.4,22.3,64810516,22671557753,317376,16246316,1.0,,192.168.1.100
2024-09-22 18:49:52.748960,0,0,10.910018682479858,0.0,0.0,3.3,22.3,64811336,22671558344,317381,16246319,1.0,,192.168.1.100
2024-09-22 18:49:53.807179,0,0,11.968236923217773,0.0,0.0,4.8,22.3,64812555,22671559118,317389,16246325,1.0,,192.168.1.100
2024-09-22 18:49:54.876536,0,0,13.037593841552734,0.0,0.0,5.1,22.3,64813243,22671559643,317392,16246327,1.1,,192.168.1.100
2024-09-22 18:49:55.950527,0,0,14.11158537864685,0.0,0.0,7.5,22.4,64832775,22671564884,317422,16246351,1.1,,192.168.1.100
2024-09-22 18:49:57.038795,0,0,15.199853420257568,0.0,0.0,19.4,22.4,64833928,22671565592,317429,16246356,1.1,,192.168.1.100
2024-09-22 18:49:58.100584,0,0,16.26164197921753,0.0,0.0,3.3,22.4,64835304,22671566642,317435,16246360,1.1,,192.168.1.100
2024-09-22 18:49:59.176844,0,0,17.337902069091797,0.0,0.0,14.9,22.5,64836457,22671567350,317442,16246365,1.1,,192.168.1.100
2024-09-22 18:50:00.246863,0,0,18.407921075820923,0.0,0.0,4.2,22.5,64837145,22671567875,317445,16246367,1.1,,192.168.1.100
2024-09-22 18:50:01.309247,0,0,19.47030544281006,0.0,0.0,8.1,22.5,64837833,22671568400,317448,16246369,1.1,,192.168.1.100
2024-09-22 18:50:02.398933,0,0,20.559991121292114,0.0,0.0,16.1,22.6,64857830,22671573824,317482,16246396,1.1,,192.168.1.100
2024-09-22 18:50:03.485610,0,0,21.646668195724487,0.0,0.0,12.0,22.6,64858518,22671574349,317485,16246398,1.1,,192.168.1.100
2024-09-22 18:50:04.550284,0,0,22.711341857910156,0.0,0.0,3.8,22.6,64859671,22671575057,317492,16246403,1.1,,192.168.1.100
2024-09-22 18:50:05.610747,0,0,23.77180552482605,0.0,0.0,6.2,22.6,64863263,22671581924,317519,16246424,1.2100000000000002,,192.168.1.100
2024-09-22 18:50:06.668925,0,0,24.82998275756836,0.0,0.0,10.4,22.6,64863951,22671582449,317522,16246426,1.2100000000000002,,192.168.1.100
2024-09-22 18:50:07.737383,0,0,25.898441314697266,0.0,0.0,12.2,22.6,64865104,22671583157,317529,16246431,1.2100000000000002,,192.168.1.100
2024-09-22 18:50:08.798412,0,0,26.95947027206421,0.0,0.0,14.3,22.5,64885101,22671588647,317563,16246459,1.2100000000000002,,192.168.1.100
2024-09-22 18:50:09.858154,0,0,28.01921248435974,0.0,0.0,5.2,22.5,64885883,22671589238,317567,16246462,1.2100000000000002,,192.168.1.100
2024-09-22 18:50:10.917931,0,0,29.078988790512085,0.0,0.0,3.3,22.5,64886571,22671589763,317570,16246464,1.2100000000000002,,192.168.1.100
2024-09-22 18:50:11.979006,0,0,30.140064477920532,0.0,0.0,14.1,22.5,64887724,22671590537,317577,16246470,1.2100000000000002,,192.168.1.100
2024-09-22 18:50:13.040465,0,0,31.201523065567017,0.0,0.0,10.4,22.5,64888412,22671591062,317580,16246472,1.2100000000000002,,192.168.1.100
2024-09-22 18:50:14.102261,0,0,32.26331925392151,0.0,0.0,6.1,22.5,64909812,22671597499,317622,16246506,1.2100000000000002,,192.168.1.100
2024-09-22 18:50:15.162931,0,0,33.323989152908325,0.0,0.0,4.3,22.5,64910500,22671598024,317625,16246508,1.2100000000000002,,192.168.1.100
2024-09-22 18:50:16.239240,0,0,34.40029788017273,0.0,0.0,7.1,22.5,64911188,22671598549,317628,16246510,1.3310000000000004,,192.168.1.100
2024-09-22 18:50:17.301863,0,0,35.462920904159546,0.0,0.0,9.9,22.5,64912341,22671599323,317635,16246516,1.3310000000000004,,192.168.1.100
2024-09-22 18:50:18.370494,0,0,36.5315523147583,0.0,0.0,11.3,22.6,64913808,22671600541,317645,16246525,1.3310000000000004,,192.168.1.100
2024-09-22 18:50:19.435978,0,0,37.59703588485718,0.0,0.0,13.7,22.3,64914961,22671601315,317652,16246531,1.3310000000000004,,192.168.1.100
2024-09-22 18:50:20.498100,0,0,38.65915775299072,0.0,0.0,4.2,22.3,64934427,22671606468,317681,16246554,1.3310000000000004,,192.168.1.100
2024-09-22 18:50:21.562036,0,0,39.72309398651123,0.0,0.0,8.0,22.3,64935854,22671607662,317691,16246563,1.3310000000000004,,192.168.1.100
2024-09-22 18:50:22.625459,0,0,40.78651762008667,0.0,0.0,8.0,22.3,64937007,22671608436,317698,16246569,1.3310000000000004,,192.168.1.100
2024-09-22 18:50:23.690093,0,0,41.85115122795105,0.0,0.0,11.4,22.0,64938625,22671609459,317709,16246579,1.3310000000000004,,192.168.1.100
2024-09-22 18:50:24.753695,0,0,42.914753437042236,0.0,0.0,3.3,22.0,64939313,22671610050,317712,16246582,1.3310000000000004,,192.168.1.100
2024-09-22 18:50:25.812235,0,0,43.97329354286194,0.0,0.0,5.2,22.0,64940926,22671611640,317725,16246594,1.3310000000000004,,192.168.1.100
2024-09-22 18:50:26.876496,0,0,45.0375542640686,0.0,0.0,12.7,22.0,64960557,22671616440,317753,16246616,1.4641000000000006,,192.168.1.100
2024-09-22 18:50:27.935742,0,0,46.096800327301025,0.0,0.0,5.7,22.1,64961245,22671616965,317756,16246618,1.4641000000000006,,192.168.1.100
2024-09-22 18:50:28.994661,0,0,47.15571880340576,0.0,0.0,18.7,22.6,64962581,22671618084,317766,16246627,1.4641000000000006,,192.168.1.100
2024-09-22 18:50:30.053678,0,0,48.21473574638367,0.0,0.0,5.2,22.6,64963269,22671618609,317769,16246629,1.4641000000000006,,192.168.1.100
2024-09-22 18:50:31.113954,0,0,49.27501201629639,0.0,0.0,3.3,22.6,64963957,22671619134,317772,16246631,1.4641000000000006,,192.168.1.100
2024-09-22 18:50:32.174357,0,0,50.33541488647461,0.0,0.0,12.3,22.6,64984576,22671625061,317808,16246660,1.4641000000000006,,192.168.1.100
2024-09-22 18:50:33.234130,0,0,51.395187854766846,0.0,0.0,3.3,22.6,64985264,22671625586,317811,16246662,1.4641000000000006,,192.168.1.100
2024-09-22 18:50:34.294049,0,0,52.45510721206665,0.0,0.0,11.8,22.1,64986417,22671626360,317818,16246668,1.4641000000000006,,192.168.1.100
2024-09-22 18:50:35.354243,0,0,53.515300989151,0.0,0.0,3.8,22.1,64987105,22671626885,317821,16246670,1.4641000000000006,,192.168.1.100
2024-09-22 18:50:36.414774,0,0,54.57583260536194,0.0,0.0,17.3,22.1,64990708,22671637677,317844,16246692,1.4641000000000006,,192.168.1.100
2024-09-22 18:50:37.482922,0,0,55.643980503082275,0.0,0.0,8.9,22.1,64992227,22671639141,317857,16246704,1.6105100000000008,,192.168.1.100
2024-09-22 18:50:38.560447,0,0,56.72150468826294,0.0,0.0,10.3,22.1,65032210,22671661925,317959,16246798,1.6105100000000008,,192.168.1.100
2024-09-22 18:50:39.627136,0,0,57.78819441795349,0.0,0.0,21.4,22.3,65045444,22671673124,318014,16246847,1.6105100000000008,,192.168.1.100
2024-09-22 18:50:40.689295,0,0,58.850353479385376,0.0,0.0,4.3,22.3,65065795,22671696240,318088,16246922,1.6105100000000008,,192.168.1.100
2024-09-22 18:50:41.750927,0,0,59.91198492050171,0.0,0.0,11.8,22.3,65094868,22671737436,318160,16246993,1.6105100000000008,,192.168.1.100
2024-09-22 18:50:42.812962,0,0,60.97402048110962,0.0,0.0,10.4,22.3,65123600,22671758437,318244,16247070,1.6105100000000008,,192.168.1.100
2024-09-22 18:50:43.874372,0,0,62.03542995452881,0.0,0.0,6.1,22.3,65125026,22671760156,318254,16247082,1.6105100000000008,,192.168.1.100
2024-09-22 18:50:44.937437,0,0,63.09849548339844,0.0,0.0,10.4,22.4,65145713,22671766232,318295,16247116,1.6105100000000008,,192.168.1.100
2024-09-22 18:50:45.999189,0,0,64.16024732589722,0.0,0.0,4.8,22.4,65146467,22671766757,318299,16247118,1.6105100000000008,,192.168.1.100
2024-09-22 18:50:47.061144,0,0,65.22220230102539,0.0,0.0,10.4,22.4,65150249,22671769814,318327,16247142,1.6105100000000008,,192.168.1.100
2024-09-22 18:50:48.125407,0,0,66.28646540641785,0.0,0.0,9.0,22.4,65151912,22671771406,318340,16247154,1.771561000000001,,192.168.1.100
2024-09-22 18:50:49.186924,0,0,67.34798192977905,0.0,0.0,12.3,22.4,65153263,22671772246,318350,16247161,1.771561000000001,,192.168.1.100
2024-09-22 18:50:50.249652,0,0,68.41071057319641,0.0,0.0,9.5,22.4,65183123,22671776995,318377,16247182,1.771561000000001,,192.168.1.100
2024-09-22 18:50:51.316533,0,0,69.4775915145874,0.0,0.0,6.6,22.4,65183877,22671777902,318381,16247185,1.771561000000001,,192.168.1.100
2024-09-22 18:50:52.380125,0,0,70.54118275642395,0.0,0.0,13.1,22.5,65185718,22671779135,318391,16247192,1.771561000000001,,192.168.1.100
2024-09-22 18:50:53.442307,0,0,71.60336542129517,0.0,0.0,3.8,22.5,65186406,22671779660,318394,16247194,1.771561000000001,,192.168.1.100
2024-09-22 18:50:54.504779,0,0,72.66583728790283,0.0,0.0,4.7,22.5,65187859,22671780970,318406,16247204,1.771561000000001,,192.168.1.100
2024-09-22 18:50:55.566930,0,0,73.72798800468445,0.0,0.0,9.0,22.2,65188547,22671781495,318409,16247206,1.771561000000001,,192.168.1.100
2024-09-22 18:50:56.634664,0,0,74.79572200775146,0.0,0.0,12.2,22.2,65207713,22671786046,318433,16247224,1.771561000000001,,192.168.1.100
2024-09-22 18:50:57.699263,0,0,75.8603208065033,0.0,0.0,8.0,22.2,65208866,22671786754,318440,16247229,1.771561000000001,,192.168.1.100
2024-09-22 18:50:58.764197,0,0,76.92525506019592,0.0,0.0,5.2,22.2,65210019,22671787462,318447,16247234,1.9487171000000014,,192.168.1.100
2024-09-22 18:50:59.827934,0,0,77.98899245262146,0.0,0.0,13.3,22.3,65211007,22671788589,318455,16247241,1.9487171000000014,,192.168.1.100
2024-09-22 18:51:00.892574,0,0,79.05363249778748,0.0,0.0,5.7,22.4,65211827,22671789180,318460,16247244,1.9487171000000014,,192.168.1.100
2024-09-22 18:51:01.970701,0,0,80.13175940513611,0.0,0.0,12.1,22.4,65212980,22671789888,318467,16247249,1.9487171000000014,,192.168.1.100
2024-09-22 18:51:03.038242,0,0,81.19930052757263,0.0,0.0,8.9,22.4,65232146,22671794439,318491,16247267,1.9487171000000014,,192.168.1.100
2024-09-22 18:51:04.102064,0,0,82.26312184333801,0.0,0.0,4.7,22.4,65233299,22671795147,318498,16247272,1.9487171000000014,,192.168.1.100
2024-09-22 18:51:05.165626,0,0,83.32668375968933,0.0,0.0,3.8,22.4,65233987,22671795672,318501,16247274,1.9487171000000014,,192.168.1.100
2024-09-22 18:51:06.224557,0,0,84.38561487197876,0.0,0.0,7.6,22.4,65237879,22671803141,318533,16247300,1.9487171000000014,,192.168.1.100
2024-09-22 18:51:07.283321,0,0,85.4443793296814,0.0,0.0,14.2,22.4,65239032,22671803849,318540,16247305,1.9487171000000014,,192.168.1.100
2024-09-22 18:51:08.341919,0,0,86.50297713279724,0.0,0.0,4.3,22.4,65258198,22671808400,318564,16247323,1.9487171000000014,,192.168.1.100
2024-09-22 18:51:09.402955,0,0,87.56401348114014,0.0,0.0,8.9,22.4,65260133,22671809699,318575,16247331,2.0,,192.168.1.100
2024-09-22 18:51:10.498177,0,0,88.65923523902893,0.0,0.0,10.1,22.1,65260821,22671810290,318578,16247334,2.0,,192.168.1.100
2024-09-22 18:51:11.556551,0,0,89.71760940551758,0.0,0.0,3.3,22.1,65261509,22671810815,318581,16247336,2.0,,192.168.1.100
2024-09-22 18:51:12.656595,0,0,90.81765270233154,0.0,0.0,23.3,22.3,65262962,22671812191,318593,16247347,2.0,,192.168.1.100
2024-09-22 18:51:13.715541,0,0,91.87659883499146,0.0,0.0,3.3,22.3,65264115,22671812965,318600,16247353,2.0,,192.168.1.100
2024-09-22 18:51:14.780020,0,0,92.941077709198,0.0,0.0,5.7,22.3,65283996,22671817938,318629,16247375,2.0,,192.168.1.100
2024-09-22 18:51:15.838585,0,0,93.9996428489685,0.0,0.0,3.3,22.3,65284684,22671818463,318632,16247377,2.0,,192.168.1.100
2024-09-22 18:51:16.897223,0,0,95.05828070640564,0.0,0.0,7.1,22.3,65285837,22671819237,318639,16247383,2.0,,192.168.1.100
2024-09-22 18:51:17.955873,0,0,96.11693072319031,0.0,0.0,13.0,22.5,65287670,22671821145,318655,16247398,2.0,,192.168.1.100
2024-09-22 18:51:19.016018,0,0,97.17707633972168,0.0,0.0,5.7,22.5,65288823,22671821919,318662,16247404,2.0,,192.168.1.100
2024-09-22 18:51:20.078618,0,0,98.23967599868774,0.0,0.0,12.7,22.7,65307989,22671826470,318686,16247422,2.0,,192.168.1.100
2024-09-22 18:51:21.146612,0,0,99.30767035484314,0.0,0.0,5.1,22.6,65308677,22671826995,318689,16247424,2.0,,192.168.1.100
2024-09-22 18:51:22.206835,0,0,100.36789298057556,0.0,0.0,6.7,22.6,65310569,22671828438,318703,16247437,2.0,,192.168.1.100
2024-09-22 18:51:23.276158,0,0,101.43721604347229,0.0,0.0,13.1,22.2,65311257,22671828963,318706,16247439,2.0,,192.168.1.100
2024-09-22 18:51:24.336638,0,0,102.4976966381073,0.0,0.0,4.8,22.2,65313175,22671830588,318722,16247454,2.0,,192.168.1.100
2024-09-22 18:51:25.396452,0,0,103.55751013755798,0.0,0.0,3.8,22.2,65313863,22671831113,318725,16247456,2.0,,192.168.1.100
2024-09-22 18:51:26.456895,0,0,104.61795330047607,0.0,0.0,5.2,22.2,65333029,22671835730,318749,16247475,2.0,,192.168.1.100
2024-09-22 18:51:27.517341,0,0,105.6783995628357,0.0,0.0,9.0,22.2,65334870,22671837029,318759,16247483,2.0,,192.168.1.100
2024-09-22 18:51:28.577367,0,0,106.7384250164032,0.0,0.0,11.0,22.3,65335558,22671837554,318762,16247485,2.0,,192.168.1.100
2024-09-22 18:51:29.637338,0,0,107.79839611053467,0.0,0.0,4.2,22.3,65336711,22671838328,318769,16247491,2.0,,192.168.1.100
2024-09-22 18:51:30.725159,0,0,108.88621759414673,0.0,0.0,15.3,22.4,65337699,22671839455,318777,16247498,2.0,,192.168.1.100
2024-09-22 18:51:31.785312,0,0,109.9463701248169,0.0,0.0,3.8,22.4,65338852,22671840229,318784,16247504,2.0,,192.168.1.100
2024-09-22 18:51:32.861028,0,0,111.02208638191223,0.0,0.0,12.1,22.4,65358018,22671844780,318808,16247522,2.0,,192.168.1.100
2024-09-22 18:51:33.926305,0,0,112.08736324310303,0.0,0.0,10.0,22.4,65359171,22671845554,318815,16247528,2.0,,192.168.1.100
2024-09-22 18:51:34.986088,0,0,113.14714622497559,0.0,0.0,4.7,22.4,65359859,22671846079,318818,16247530,2.0,,192.168.1.100
2024-09-22 18:51:36.046129,0,0,114.20718693733215,0.0,0.0,3.8,22.4,65360847,22671847206,318826,16247537,2.0,,192.168.1.100
2024-09-22 18:51:37.106213,0,0,115.26727080345154,0.0,0.0,7.5,22.4,65362000,22671847980,318833,16247543,2.0,,192.168.1.100
2024-09-22 18:51:38.167530,0,0,116.32858848571777,0.0,0.0,6.7,22.4,65362688,22671848505,318836,16247545,2.0,,192.168.1.100
2024-09-22 18:51:39.228703,0,0,117.38976097106934,0.0,0.0,12.2,22.0,65382479,22671853461,318866,16247569,2.0,,192.168.1.100
2024-09-22 18:51:40.290293,0,0,118.45135164260864,0.0,0.0,11.4,22.5,65383167,22671854040,318869,16247572,2.0,,192.168.1.100
2024-09-22 18:51:41.360500,0,0,119.52155780792236,0.0,0.0,6.5,22.5,65383855,22671854565,318872,16247574,2.0,,192.168.1.100
2024-09-22 18:51:42.421372,0,0,120.58243012428284,0.0,0.0,6.6,22.5,65385374,22671855963,318885,16247585,2.0,,192.168.1.100
2024-09-22 18:51:43.500289,0,0,121.66134738922119,0.0,0.0,8.8,22.5,65386062,22671856488,318888,16247587,2.0,,192.168.1.100
2024-09-22 18:51:44.562065,0,0,122.72312331199646,0.0,0.0,12.2,22.5,65406381,22671861801,318919,16247611,2.0,,192.168.1.100
2024-09-22 18:51:45.623510,0,0,123.78456783294678,0.0,0.0,3.3,22.5,65407069,22671862326,318922,16247613,2.0,,192.168.1.100
2024-09-22 18:51:46.684974,0,0,124.84603190422058,0.0,0.0,4.7,22.5,65407757,22671862851,318925,16247615,2.0,,192.168.1.100
2024-09-22 18:51:47.747257,0,0,125.9083149433136,0.0,0.0,11.0,22.5,65409483,22671863802,318936,16247623,2.0,,192.168.1.100
2024-09-22 18:51:48.809883,0,0,126.97094106674194,0.0,0.0,8.0,22.5,65411038,22671865268,318949,16247634,2.0,,192.168.1.100
2024-09-22 18:51:49.870916,0,0,128.03197407722473,0.0,0.0,10.4,22.5,65411726,22671865793,318952,16247636,2.0,,192.168.1.100
2024-09-22 18:51:50.932516,0,0,129.09357452392578,0.0,0.0,14.3,22.5,65442380,22671871483,318987,16247663,2.0,,192.168.1.100
2024-09-22 18:51:51.996282,0,0,130.1573405265808,0.0,0.0,5.2,22.5,65443533,22671872191,318994,16247668,2.0,,192.168.1.100
2024-09-22 18:51:53.062862,0,0,131.2239203453064,0.0,0.0,10.7,22.5,65444404,22671873061,319000,16247673,2.0,,192.168.1.100
2024-09-22 18:51:54.124025,0,0,132.28508305549622,0.0,0.0,3.8,22.5,65447443,22671875407,319020,16247689,2.0,,192.168.1.100
2024-09-22 18:51:55.185106,0,0,133.34616446495056,0.0,0.0,8.5,22.1,65448131,22671875932,319023,16247691,2.0,,192.168.1.100
2024-09-22 18:51:56.259083,0,0,134.42014145851135,0.0,0.0,8.0,22.1,65449185,22671877147,319032,16247699,2.0,,192.168.1.100
2024-09-22 18:51:57.325575,0,0,135.48663306236267,0.0,0.0,7.1,22.1,65468816,22671881881,319060,16247720,2.0,,192.168.1.100
2024-09-22 18:51:58.388317,0,0,136.54937553405762,0.0,0.0,8.5,22.1,65469504,22671882406,319063,16247722,2.0,,192.168.1.100
2024-09-22 18:51:59.450981,0,0,137.6120388507843,0.0,0.0,4.7,22.2,65470657,22671883114,319070,16247727,2.0,,192.168.1.100
2024-09-22 18:52:00.513458,0,0,138.6745162010193,0.0,0.0,14.8,22.5,65471645,22671884241,319078,16247734,2.0,,192.168.1.100
2024-09-22 18:52:01.578146,0,0,139.73920464515686,0.0,0.0,8.8,22.6,65473021,22671885291,319084,16247738,2.0,,192.168.1.100
2024-09-22 18:52:02.644026,0,0,140.80508375167847,0.0,0.0,7.0,22.6,65492652,22671890025,319112,16247759,2.0,,192.168.1.100
2024-09-22 18:52:03.737580,0,0,141.89863801002502,0.0,0.0,10.2,22.6,65493805,22671890733,319119,16247764,2.0,,192.168.1.100
2024-09-22 18:52:04.799944,0,0,142.9610025882721,0.0,0.0,5.6,22.6,65494493,22671891258,319122,16247766,2.0,,192.168.1.100
2024-09-22 18:52:05.862636,0,0,144.02369379997253,0.0,0.0,5.7,22.8,65498385,22671898727,319154,16247792,2.0,,192.168.1.100
2024-09-22 18:52:06.942018,0,0,145.10307574272156,0.0,0.0,10.6,22.8,65499538,22671899435,319161,16247797,2.0,,192.168.1.100
2024-09-22 18:52:08.018550,0,0,146.17960810661316,0.0,0.0,9.9,22.8,65500226,22671899960,319164,16247799,2.0,,192.168.1.100
2024-09-22 18:52:09.082321,0,0,147.2433795928955,0.0,0.0,4.7,22.8,65519857,22671904694,319192,16247820,2.0,,192.168.1.100
2024-09-22 18:52:10.150906,0,0,148.31196403503418,0.0,0.0,5.1,22.8,65520639,22671905285,319196,16247823,2.0,,192.168.1.100
2024-09-22 18:52:11.212873,0,0,149.3739311695099,0.0,0.0,16.4,22.6,65521327,22671905810,319199,16247825,2.0,,192.168.1.100
2024-09-22 18:52:12.275835,0,0,150.43689346313477,0.0,0.0,9.0,22.6,65522846,22671907436,319212,16247840,2.0,,192.168.1.100
2024-09-22 18:52:13.340926,0,0,151.50198459625244,0.0,0.0,9.0,22.6,65523534,22671908015,319215,16247843,2.0,,192.168.1.100
2024-09-22 18:52:14.404180,0,0,152.56523847579956,0.0,0.0,4.2,22.6,65543880,22671913291,319248,16247870,2.0,,192.168.1.100
2024-09-22 18:52:15.468611,0,0,153.62966871261597,0.0,0.0,4.7,22.6,65544568,22671913816,319251,16247872,2.0,,192.168.1.100
2024-09-22 18:52:16.531893,0,0,154.69295167922974,0.0,0.0,6.0,22.6,65545256,22671914395,319254,16247875,2.0,,192.168.1.100
2024-09-22 18:52:17.610127,0,0,155.77118492126465,0.0,0.0,12.6,22.1,65546409,22671915169,319261,16247881,2.0,,192.168.1.100
2024-09-22 18:52:18.680785,0,0,156.8418436050415,0.0,0.0,8.9,22.1,65549225,22671917535,319281,16247899,2.0,,192.168.1.100
2024-09-22 18:52:19.745000,0,0,157.90605783462524,0.0,0.0,5.2,22.1,65549913,22671918060,319284,16247901,2.0,,192.168.1.100
2024-09-22 18:52:20.809736,0,0,158.97079372406006,0.0,0.0,11.1,22.5,65569079,22671922611,319308,16247919,2.0,,192.168.1.100
2024-09-22 18:52:21.874008,0,0,160.03506636619568,0.0,0.0,6.5,22.0,65570971,22671924054,319322,16247932,2.0,,192.168.1.100
2024-09-22 18:52:22.945563,0,0,161.10662150382996,0.0,0.0,14.4,22.2,65572232,22671924888,319329,16247938,2.0,,192.168.1.100
2024-09-22 18:52:24.063034,0,0,162.22409200668335,0.0,0.0,9.0,22.2,65573787,22671926420,319342,16247950,2.0,,192.168.1.100
2024-09-22 18:52:25.126885,0,0,163.2879433631897,0.0,0.0,5.2,22.2,65574475,22671926945,319345,16247952,2.0,,192.168.1.100
2024-09-22 18:52:26.191665,0,0,164.35272312164307,0.0,0.0,3.8,22.2,65575628,22671927719,319352,16247958,2.0,,192.168.1.100
2024-09-22 18:52:27.256770,0,0,165.4178285598755,0.0,0.0,8.4,22.2,65595259,22671932519,319380,16247980,2.0,,192.168.1.100
2024-09-22 18:52:28.323100,0,0,166.4841582775116,0.0,0.0,14.2,22.3,65595947,22671933044,319383,16247982,2.0,,192.168.1.100
2024-09-22 18:52:29.384540,0,0,167.54559779167175,0.0,0.0,4.7,22.3,65597100,22671933818,319390,16247988,2.0,,192.168.1.100
2024-09-22 18:52:30.447861,0,0,168.60891938209534,0.0,0.0,2.9,22.3,65598154,22671935033,319399,16247996,2.0,,192.168.1.100
2024-09-22 18:52:31.509914,0,0,169.67097234725952,0.0,0.0,12.9,22.0,65598842,22671935558,319402,16247998,2.0,,192.168.1.100
2024-09-22 18:52:32.572428,0,0,170.73348665237427,0.0,0.0,6.1,22.1,65618473,22671940358,319430,16248020,2.0,,192.168.1.100
2024-09-22 18:52:33.635128,0,0,171.79618573188782,0.0,0.0,16.0,22.3,65619161,22671940883,319433,16248022,2.0,,192.168.1.100
2024-09-22 18:52:34.702099,0,0,172.8631567955017,0.0,0.0,3.3,22.3,65621002,22671942182,319443,16248030,2.0,,192.168.1.100
2024-09-22 18:52:35.765852,0,0,173.92691016197205,0.0,0.0,7.5,22.3,65621690,22671942707,319446,16248032,2.0,,192.168.1.100
2024-09-22 18:52:36.829704,0,0,174.99076175689697,0.0,0.0,3.8,22.3,65623209,22671944171,319459,16248044,2.0,,192.168.1.100
2024-09-22 18:52:37.892837,0,0,176.05389523506165,0.0,0.0,8.0,22.3,65623897,22671944696,319462,16248046,2.0,,192.168.1.100
2024-09-22 18:52:38.955414,0,0,177.1164722442627,0.0,0.0,14.2,22.7,65643528,22671949496,319490,16248068,2.0,,192.168.1.100
2024-09-22 18:52:40.018620,0,0,178.179678440094,0.0,0.0,4.7,22.3,65644310,22671950087,319494,16248071,2.0,,192.168.1.100
2024-09-22 18:52:41.081539,0,0,179.24259757995605,0.0,0.0,11.0,22.4,65644998,22671950612,319497,16248073,2.0,,192.168.1.100
2024-09-22 18:52:42.145644,0,0,180.30670189857483,0.0,0.0,5.2,22.4,65646451,22671951988,319509,16248084,2.0,,192.168.1.100
2024-09-22 18:52:43.208035,0,0,181.36909294128418,0.0,0.0,6.6,22.4,65647139,22671952513,319512,16248086,2.0,,192.168.1.100
2024-09-22 18:52:44.329520,0,0,182.49057841300964,0.0,0.0,17.5,22.4,65648292,22671953287,319519,16248092,2.0,,192.168.1.100
2024-09-22 18:52:45.398928,0,0,183.5599865913391,0.0,0.0,6.1,22.4,65667458,22671957838,319543,16248110,2.0,,192.168.1.100
2024-09-22 18:52:46.462051,0,0,184.6231095790863,0.0,0.0,15.8,22.4,67115430,22671970955,319616,16248187,2.0,,192.168.1.100
2024-09-22 18:52:47.524803,0,0,185.6858615875244,0.0,0.0,8.0,22.4,67116583,22671971729,319623,16248193,2.0,,192.168.1.100
2024-09-22 18:52:48.587470,0,0,186.74852800369263,0.0,0.0,11.3,22.4,67117571,22671972856,319631,16248200,2.0,,192.168.1.100
2024-09-22 18:52:49.650399,0,0,187.811457157135,0.0,0.0,10.9,22.5,67118724,22671973630,319638,16248206,2.0,,192.168.1.100
2024-09-22 18:52:50.713770,0,0,188.87482810020447,0.0,0.0,5.1,22.5,67149339,22671979286,319669,16248230,2.0,,192.168.1.100
2024-09-22 18:52:51.776482,0,0,189.9375400543213,0.0,0.0,18.7,22.6,67166494,22671995962,319753,16248308,2.0,,192.168.1.100
2024-09-22 18:52:52.839462,0,0,191.0005202293396,0.0,0.0,7.1,22.6,67175410,22672008115,319797,16248352,2.0,,192.168.1.100
2024-09-22 18:52:53.903839,0,0,192.06489753723145,0.0,0.0,12.3,22.6,67241352,22672077974,319876,16248436,2.0,,192.168.1.100
2024-09-22 18:52:54.967903,0,0,193.1289610862732,0.0,0.0,14.6,22.6,67286219,22672127745,320026,16248579,2.0,,192.168.1.100
2024-09-22 18:52:56.035133,0,0,194.1961908340454,0.0,0.0,7.0,22.6,67286973,22672128336,320030,16248582,2.0,,192.168.1.100
2024-09-22 18:52:57.099517,0,0,195.26057505607605,0.0,0.0,8.9,22.6,67375512,22672188356,320256,16248792,2.0,,192.168.1.100
2024-09-22 18:52:58.162977,0,0,196.32403540611267,0.0,0.0,7.1,22.6,67380346,22672192493,320281,16248814,2.0,,192.168.1.100
2024-09-22 18:52:59.226973,0,0,197.3880307674408,0.0,0.0,8.9,22.6,67390855,22672202089,320320,16248849,2.0,,192.168.1.100
2024-09-22 18:53:00.290950,0,0,198.4520082473755,0.0,0.0,14.4,22.6,67848847,22672516142,320476,16249021,2.0,,192.168.1.100
2024-09-22 18:53:01.355787,0,0,199.51684474945068,0.0,0.0,12.8,22.8,67858411,22672525957,320523,16249066,2.0,,192.168.1.100
2024-09-22 18:53:02.422213,0,0,200.5832712650299,0.0,0.0,12.5,22.8,67904563,22672566240,320728,16249262,2.0,,192.168.1.100
2024-09-22 18:53:03.487112,0,0,201.6481704711914,0.0,0.0,8.0,22.8,67946641,22672595007,320877,16249402,2.0,,192.168.1.100
2024-09-22 18:53:04.596990,0,0,202.75804805755615,0.0,0.0,12.6,22.8,67965172,22672613333,320988,16249506,2.0,,192.168.1.100
2024-09-22 18:53:05.689937,0,0,203.85099506378174,0.0,0.0,17.2,22.8,67980607,22672630379,321069,16249572,2.0,,192.168.1.100
2024-09-22 18:53:06.757727,0,0,204.91878485679626,0.0,0.0,3.8,22.8,67989581,22672640730,321104,16249605,2.0,,192.168.1.100
2024-09-22 18:53:07.824600,0,0,205.98565816879272,0.0,0.0,8.9,22.8,68002109,22672655534,321158,16249656,2.0,,192.168.1.100
2024-09-22 18:53:08.883098,0,0,207.04415607452393,0.0,0.0,7.6,22.8,68024543,22672663581,321198,16249688,2.0,,192.168.1.100
2024-09-22 18:53:09.942794,0,0,208.10385251045227,0.0,0.0,4.7,22.8,68025325,22672664172,321202,16249691,2.0,,192.168.1.100
2024-09-22 18:53:11.001235,0,0,209.1622931957245,0.0,0.0,9.5,22.8,68026013,22672664697,321205,16249693,2.0,,192.168.1.100
2024-09-22 18:53:12.060302,0,0,210.22136044502258,0.0,0.0,12.1,22.4,68038427,22672680988,321246,16249737,2.0,,192.168.1.100
2024-09-22 18:53:13.119019,0,0,211.28007745742798,0.0,0.0,7.6,22.4,68104088,22672725398,321315,16249802,2.0,,192.168.1.100
2024-09-22 18:53:14.177180,0,0,212.33823776245117,0.0,0.0,10.1,22.4,68128997,22672758016,321410,16249896,2.0,,192.168.1.100
2024-09-22 18:53:15.236537,0,0,213.39759492874146,0.0,0.0,7.1,22.5,68162620,22672777169,321494,16249968,2.0,,192.168.1.100
2024-09-22 18:53:16.295004,0,0,214.45606231689453,0.0,0.0,10.0,22.6,68164300,22672779394,321506,16249979,2.0,,192.168.1.100
2024-09-22 18:53:17.374230,0,0,215.5352885723114,0.0,0.0,6.1,22.6,68175338,22672788893,321546,16250013,2.0,,192.168.1.100
2024-09-22 18:53:18.433870,0,0,216.59492826461792,0.0,0.0,8.9,22.6,68185725,22672802048,321593,16250060,2.0,,192.168.1.100
2024-09-22 18:53:19.491931,0,0,217.6529896259308,0.0,0.0,7.2,22.6,68191634,22672808802,321615,16250079,2.0,,192.168.1.100
2024-09-22 18:53:20.569204,0,0,218.73026251792908,0.0,0.0,12.8,22.5,68309915,22672887876,321749,16250202,2.0,,192.168.1.100
2024-09-22 18:53:21.630390,0,0,219.79144835472107,0.0,0.0,17.6,22.9,68353883,22672925283,321878,16250319,2.0,,192.168.1.100
2024-09-22 18:53:22.694438,0,0,220.85549664497375,0.0,0.0,17.4,22.9,68420512,22672977023,322007,16250441,2.0,,192.168.1.100
2024-09-22 18:53:23.754035,0,0,221.91509294509888,0.0,0.0,6.2,22.9,68475127,22673021339,322104,16250526,2.0,,192.168.1.100
2024-09-22 18:53:24.838729,0,0,222.99978733062744,0.0,0.0,9.7,22.9,68500950,22673053587,322207,16250629,2.0,,192.168.1.100
2024-09-22 18:53:25.901623,0,0,224.06268072128296,0.0,0.0,7.6,22.9,68513864,22673063627,322266,16250683,2.0,,192.168.1.100
2024-09-22 18:53:26.963154,0,0,225.12421250343323,0.0,0.0,6.6,22.9,68541355,22673076465,322338,16250747,2.0,,192.168.1.100
2024-09-22 18:53:28.040984,0,0,226.20204257965088,0.0,0.0,16.0,22.9,68558346,22673092751,322412,16250812,2.0,,192.168.1.100
2024-09-22 18:53:29.100739,0,0,227.26179695129395,0.0,0.0,8.9,22.9,68594668,22673116850,322445,16250843,2.0,,192.168.1.100
2024-09-22 18:53:30.158925,0,0,228.31998300552368,0.0,0.0,6.6,22.9,68635676,22673146647,322494,16250892,2.0,,192.168.1.100
2024-09-22 18:53:31.219751,0,0,229.3808090686798,0.0,0.0,5.2,22.9,68661091,22673179785,322573,16250976,2.0,,192.168.1.100
2024-09-22 18:53:32.278928,0,0,230.4399857521057,0.0,0.0,18.2,22.7,68675746,22673195901,322644,16251044,2.0,,192.168.1.100
2024-09-22 18:53:33.355097,0,0,231.5161554813385,0.0,0.0,13.3,22.7,68755317,22673248472,322784,16251166,2.0,,192.168.1.100
2024-09-22 18:53:34.414207,0,0,232.57526516914368,0.0,0.0,13.2,22.7,68791717,22673294953,322927,16251304,2.0,,192.168.1.100
2024-09-22 18:53:35.474140,0,0,233.63519835472107,0.0,0.0,4.7,22.7,68797592,22673300209,322961,16251334,2.0,,192.168.1.100
2024-09-22 18:53:36.544039,0,0,234.70509719848633,0.0,0.0,7.5,22.8,68801318,22673301494,322970,16251341,2.0,,192.168.1.100
2024-09-22 18:53:37.602785,0,0,235.76384329795837,0.0,0.0,10.0,22.8,68818366,22673317691,323054,16251420,2.0,,192.168.1.100
2024-09-22 18:53:38.698326,0,0,236.85938429832458,0.0,0.0,14.4,22.8,68862654,22673347802,323199,16251554,2.0,,192.168.1.100
2024-09-22 18:53:39.758525,0,0,237.91958355903625,0.0,0.0,11.3,22.8,68900096,22673387363,323387,16251738,2.0,,192.168.1.100
2024-09-22 18:53:40.822159,0,0,238.98321723937988,0.0,0.0,6.6,22.8,68910017,22673396909,323444,16251789,2.0,,192.168.1.100
2024-09-22 18:53:41.884429,0,0,240.04548692703247,0.0,0.0,9.9,22.6,68912290,22673398810,323461,16251802,2.0,,192.168.1.100
2024-09-22 18:53:42.973461,0,0,241.13451886177063,0.0,0.0,12.0,22.8,68915019,22673401400,323474,16251813,2.0,,192.168.1.100
2024-09-22 18:53:44.033491,0,0,242.19454884529114,0.0,0.0,16.7,23.1,68918879,22673405773,323491,16251827,2.0,,192.168.1.100
2024-09-22 18:53:45.095114,0,0,243.25617241859436,0.0,0.0,5.2,23.1,68945554,22673420349,323541,16251871,2.0,,192.168.1.100
2024-09-22 18:53:46.154914,0,0,244.31597232818604,0.0,0.0,5.2,23.1,68946242,22673420874,323544,16251873,2.0,,192.168.1.100
2024-09-22 18:53:47.215476,0,0,245.37653398513794,0.0,0.0,3.3,23.1,68947878,22673422529,323559,16251886,2.0,,192.168.1.100
2024-09-22 18:53:48.275448,0,0,246.43650579452515,0.0,0.0,12.9,23.0,69042704,22673491874,323688,16252005,2.0,,192.168.1.100
2024-09-22 18:53:49.338431,0,0,247.49948930740356,0.0,0.0,16.7,22.7,69146920,22673559923,323793,16252101,2.0,,192.168.1.100
2024-09-22 18:53:50.398897,0,0,248.5599548816681,0.0,0.0,6.7,22.7,69177929,22673588440,323870,16252174,2.0,,192.168.1.100
2024-09-22 18:53:51.460660,0,0,249.6217176914215,0.0,0.0,8.0,22.7,69219816,22673614724,324008,16252298,2.0,,192.168.1.100
2024-09-22 18:53:52.520965,0,0,250.68202352523804,0.0,0.0,13.4,22.8,69226151,22673621654,324046,16252330,2.0,,192.168.1.100
2024-09-22 18:53:53.581555,0,0,251.74261283874512,0.0,0.0,7.1,22.8,69231892,22673629444,324071,16252355,2.0,,192.168.1.100
2024-09-22 18:53:54.641803,0,0,252.8028609752655,0.0,0.0,14.8,22.5,69233111,22673630218,324079,16252361,2.0,,192.168.1.100
2024-09-22 18:53:55.701708,0,0,253.86276650428772,0.0,0.0,6.1,22.5,69240028,22673638146,324114,16252392,2.0,,192.168.1.100
2024-09-22 18:53:56.763191,0,0,254.92424941062927,0.0,0.0,5.2,22.5,69259725,22673642946,324143,16252414,2.0,,192.168.1.100
2024-09-22 18:53:57.823412,0,0,255.98447060585022,0.0,0.0,6.6,22.5,69268907,22673654119,324201,16252470,2.0,,192.168.1.100
2024-09-22 18:53:58.883693,0,0,257.04475116729736,0.0,0.0,5.2,22.5,69271168,22673656153,324219,16252485,2.0,,192.168.1.100
2024-09-22 18:53:59.951958,0,0,258.11301612854004,0.0,0.0,15.5,22.6,69275124,22673659084,324239,16252500,2.0,,192.168.1.100
2024-09-22 18:54:01.017067,0,0,259.1781253814697,0.0,0.0,7.1,22.6,69284398,22673673108,324272,16252533,2.0,,192.168.1.100
2024-09-22 18:54:02.077914,0,0,260.23897194862366,0.0,0.0,4.2,22.6,69291561,22673681136,324309,16252567,2.0,,192.168.1.100
2024-09-22 18:54:03.146583,0,0,261.3076410293579,0.0,0.0,18.8,22.6,69323509,22673701203,324376,16252625,2.0,,192.168.1.100
2024-09-22 18:54:04.207562,0,0,262.36861991882324,0.0,0.0,7.1,22.6,69392411,22673753948,324459,16252704,2.0,,192.168.1.100
2024-09-22 18:54:05.294848,0,0,263.4559066295624,0.0,0.0,19.0,22.8,69415408,22673777802,324546,16252785,2.0,,192.168.1.100
2024-09-22 18:54:06.365207,0,0,264.52626514434814,0.0,0.0,7.5,22.8,69491645,22673837054,324684,16252907,2.0,,192.168.1.100
2024-09-22 18:54:07.446496,0,0,265.6075541973114,0.0,0.0,10.7,22.8,69635331,22673946709,324859,16253076,2.0,,192.168.1.100
2024-09-22 18:54:08.506546,0,0,266.6676046848297,0.0,0.0,8.1,22.8,69654694,22673974123,324920,16253139,2.0,,192.168.1.100
2024-09-22 18:54:09.567209,0,0,267.7282667160034,0.0,0.0,8.5,22.8,69681337,22673982479,324970,16253180,2.0,,192.168.1.100
2024-09-22 18:54:10.630317,0,0,268.7913751602173,0.0,0.0,36.1,23.0,69697937,22673998648,325033,16253242,2.0,,192.168.1.100
2024-09-22 18:54:11.726913,0,0,269.88797092437744,0.0,0.0,50.7,23.3,69828179,22674090001,325193,16253396,2.0,,192.168.1.100
2024-09-22 18:54:12.822941,0,0,270.98399925231934,0.0,0.0,28.9,22.8,69889880,22674131305,325260,16253464,2.0,,192.168.1.100
2024-09-22 18:54:13.917941,0,0,272.078999042511,0.0,0.0,10.1,22.8,69923354,22674174576,325387,16253588,2.0,,192.168.1.100
2024-09-22 18:54:14.978073,0,0,273.13913083076477,0.0,0.0,11.4,22.9,70013868,22674231895,325498,16253690,2.0,,192.168.1.100
2024-09-22 18:54:16.040868,0,0,274.2019262313843,0.0,0.0,18.1,22.9,70115434,22674321643,325703,16253885,2.0,,192.168.1.100
2024-09-22 18:54:17.106230,0,0,275.26728796958923,0.0,0.0,6.2,22.9,70138707,22674352293,325799,16253975,2.0,,192.168.1.100
2024-09-22 18:54:18.167503,0,0,276.32856130599976,0.0,0.0,6.1,22.9,70151308,22674362033,325837,16254010,2.0,,192.168.1.100
2024-09-22 18:54:19.228329,0,0,277.3893871307373,0.0,0.0,7.1,22.9,70222017,22674412669,325931,16254094,2.0,,192.168.1.100
2024-09-22 18:54:20.288570,0,0,278.44962787628174,0.0,0.0,7.6,22.9,70271971,22674451056,326006,16254160,2.0,,192.168.1.100
2024-09-22 18:54:21.375870,0,0,279.5369281768799,0.0,0.0,17.3,23.0,70370108,22674530698,326223,16254360,2.0,,192.168.1.100
2024-09-22 18:54:22.436348,0,0,280.5974061489105,0.0,0.0,4.7,23.0,70431530,22674571707,326289,16254425,2.0,,192.168.1.100
2024-09-22 18:54:23.521959,0,0,281.68301701545715,0.0,0.0,18.6,22.9,70453884,22674600626,326379,16254512,2.0,,192.168.1.100
2024-09-22 18:54:24.584434,0,0,282.7454922199249,0.0,0.0,8.5,22.9,70459864,22674606876,326391,16254524,2.0,,192.168.1.100
2024-09-22 18:54:25.645953,0,0,283.80701088905334,0.0,0.0,12.6,22.9,70504223,22674651104,326607,16254733,2.0,,192.168.1.100
2024-09-22 18:54:26.708890,0,0,284.869948387146,0.0,0.0,8.5,22.9,70520510,22674668362,326702,16254826,2.0,,192.168.1.100
2024-09-22 18:54:27.805557,0,0,285.9666156768799,0.0,0.0,7.8,22.9,70546285,22674680516,326762,16254877,2.0,,192.168.1.100
2024-09-22 18:54:28.867395,0,0,287.02845335006714,0.0,0.0,7.6,22.9,70547504,22674681290,326770,16254883,2.0,,192.168.1.100
2024-09-22 18:54:29.929415,0,0,288.090473651886,0.0,0.0,7.6,22.9,70548507,22674682226,326778,16254889,2.0,,192.168.1.100
2024-09-22 18:54:30.991541,0,0,289.15259885787964,0.0,0.0,6.1,22.9,70612368,22674725021,326844,16254950,2.0,,192.168.1.100
2024-09-22 18:54:32.056475,0,0,290.21753334999084,0.0,0.0,10.2,23.0,70638168,22674759294,326953,16255060,2.0,,192.168.1.100
2024-09-22 18:54:33.118421,0,0,291.279479265213,0.0,0.0,20.2,22.9,70668657,22674773818,327022,16255119,2.0,,192.168.1.100
2024-09-22 18:54:34.180272,0,0,292.3413300514221,0.0,0.0,3.8,22.9,70675258,22674781610,327047,16255142,2.0,,192.168.1.100
2024-09-22 18:54:35.246925,0,0,293.40798330307007,0.0,0.0,10.8,23.0,70676477,22674782830,327055,16255148,2.0,,192.168.1.100
2024-09-22 18:54:36.308882,0,0,294.46994066238403,0.0,0.0,5.2,23.0,70677231,22674783421,327059,16255151,2.0,,192.168.1.100
2024-09-22 18:54:37.369455,0,0,295.530513048172,0.0,0.0,7.6,23.0,70678816,22674784819,327073,16255162,2.0,,192.168.1.100
2024-09-22 18:54:38.437508,0,0,296.59856605529785,0.0,0.0,10.8,23.0,70679570,22674785410,327077,16255165,2.0,,192.168.1.100
2024-09-22 18:54:39.498695,0,0,297.65975308418274,0.0,0.0,5.2,23.0,70705749,22674798328,327143,16255222,2.0,,192.168.1.100
2024-09-22 18:54:40.560494,0,0,298.7215518951416,0.0,0.0,8.5,23.0,70706635,22674798985,327149,16255226,2.0,,192.168.1.100
2024-09-22 18:54:41.622030,0,0,299.7830879688263,0.0,0.0,5.7,23.0,70713475,22674806591,327176,16255249,2.0,,192.168.1.100
